generation,fitness
1,541.4
2,544.6
3,547.6
4,549.1
5,551.0
6,551.6
7,552.6
8,553.3
9,553.5
10,553.6
11,553.7
12,554.2
13,554.2
14,554.3
15,554.4
16,554.7
17,554.7
18,554.9
19,555.2
20,555.2
21,555.5
22,555.6
23,556.0
24,556.5
25,557.0
26,557.4
27,557.6
28,557.7
29,558.0
30,558.3
31,558.6
32,558.6
33,559.0
34,559.2
35,559.4
36,559.6
37,560.1
38,560.1
39,560.4
40,560.6
41,561.0
42,561.1
43,561.2
44,561.4
45,561.8
46,562.0
47,562.6
48,562.6
49,562.7
50,562.9
51,563.0
52,563.2
53,563.6
54,563.9
55,564.1
56,564.3
57,564.7
58,564.9
59,565.1
60,565.4
61,565.5
62,565.7
63,566.0
64,566.1
65,566.2
66,566.6
67,566.6
68,566.9
69,566.9
70,567.0
71,567.2
72,567.2
73,567.5
74,567.7
75,568.0
76,568.1
77,568.2
78,568.2
79,568.7
80,568.8
81,569.1
82,569.4
83,569.5
84,569.8
85,570.2
86,570.6
87,570.8
88,571.0
89,571.3
90,571.7
91,572.0
92,572.2
93,572.3
94,572.6
95,572.6
96,572.7
97,572.9
98,573.0
99,573.4
100,573.7
101,573.9
102,574.2
103,574.4
104,574.4
105,574.5
106,574.6
107,574.8
108,575.1
109,575.3
110,575.6
111,575.8
112,576.0
113,576.2
114,576.3
115,576.5
116,576.9
117,577.2
118,577.3
119,577.3
120,577.7
121,577.8
122,578.0
123,578.1
124,578.5
125,578.7
126,579.1
127,579.4
128,579.5
129,579.8
130,580.1
131,580.4
132,580.6
133,580.8
134,581.0
135,581.5
136,581.8
137,582.0
138,582.2
139,582.4
140,582.5
141,582.8
142,583.0
143,583.1
144,583.3
145,583.3
146,583.7
147,583.8
148,583.9
149,583.9
150,584.2
151,584.6
152,584.9
153,585.0
154,585.1
155,585.2
156,585.3
157,585.6
158,585.7
159,585.8
160,586.1
161,586.2
162,586.4
163,586.6
164,586.6
165,587.0
166,587.3
167,587.4
168,587.8
169,588.1
170,588.3
171,588.3
172,588.6
173,588.8
174,589.0
175,589.1
176,589.5
177,589.5
178,589.8
179,590.0
180,590.2
181,590.4
182,590.5
183,590.5
184,590.7
185,590.9
186,591.3
187,591.4
188,591.6
189,591.7
190,592.0
191,592.4
192,592.6
193,592.9
194,593.2
195,593.4
196,593.5
197,593.7
198,593.8
199,594.2
200,594.3
201,594.7
202,594.7
203,595.0
204,595.3
205,595.6
206,595.8
207,596.1
208,596.3
209,596.3
210,596.5
211,596.7
212,596.8
213,597.2
214,597.4
215,597.6
216,597.9
217,598.1
218,598.2
219,598.5
220,598.7
221,598.9
222,599.0
223,599.4
224,599.8
225,600.0
226,600.1
227,600.2
228,600.4
229,600.8
230,601.1
231,601.2
232,601.3
233,601.8
234,601.9
235,602.1
236,602.2
237,602.5
238,602.5
239,602.7
240,603.0
241,603.2
242,603.5
243,603.8
244,603.9
245,604.1
246,604.2
247,604.4
248,604.4
249,604.6
250,604.9
251,605.3
252,605.4
253,605.6
254,605.8
255,606.2
256,606.2
257,606.6
258,606.7
259,607.0
260,607.2
261,607.4
262,607.7
263,608.2
264,608.3
265,608.4
266,608.5
267,608.6
268,608.6
269,608.7
270,608.9
271,609.1
272,609.2
273,609.2
274,609.2
275,609.6
276,609.8
277,610.0
278,610.4
279,610.7
280,610.9
281,611.2
282,611.3
283,611.5
284,611.8
285,612.0
286,612.2
287,612.3
288,612.5
289,612.8
290,612.8
291,613.2
292,613.6
293,613.9
294,614.0
295,614.0
296,614.2
297,614.5
298,614.9
299,615.1
300,615.2
301,615.4
302,615.6
303,615.7
304,616.0
305,616.2
306,616.5
307,616.7
308,616.9
309,617.1
310,617.4
311,617.5
312,617.6
313,617.9
314,618.3
315,618.4
316,618.7
317,618.9
318,619.2
319,619.4
320,619.7
321,619.9
322,620.0
323,620.4
324,620.7
325,620.9
326,621.1
327,621.2
328,621.7
329,621.9
330,622.1
331,622.2
332,622.4
333,622.5
334,622.6
335,622.7
336,623.1
337,623.3
338,623.3
339,623.4
340,623.6
341,624.3
342,624.2
343,624.4
344,624.4
345,624.8
346,624.9
347,625.2
348,625.2
349,625.3
350,625.6
351,625.6
352,625.8
353,625.8
354,626.1
355,626.4
356,626.8
357,627.2
358,627.4
359,627.8
360,627.9
361,627.9
362,628.0
363,628.0
364,628.1
365,628.5
366,629.0
367,629.0
368,629.1
369,629.2
370,629.4
371,629.6
372,629.9
373,630.0
374,630.1
375,630.3
376,630.6
377,630.7
378,631.1
379,631.4
380,631.6
381,631.7
382,632.2
383,632.3
384,632.5
385,632.6
386,632.8
387,633.0
388,633.4
389,633.8
390,634.0
391,634.2
392,634.4
393,634.6
394,634.9
395,635.0
396,635.1
397,635.3
398,635.6
399,635.8
400,635.8
401,636.0
402,636.2
403,636.4
404,636.5
405,636.8
406,637.0
407,637.2
408,637.3
409,637.3
410,637.5
411,637.8
412,638.0
413,638.1
414,638.2
415,638.4
416,638.7
417,639.1
418,639.5
419,639.7
420,640.0
421,640.1
422,640.2
423,640.6
424,640.6
425,640.9
426,641.0
427,641.3
428,641.6
429,642.0
430,642.0
431,642.1
432,642.2
433,642.3
434,642.4
435,642.4
436,642.8
437,643.1
438,643.2
439,643.4
440,643.8
441,644.1
442,644.4
443,644.5
444,644.8
445,644.9
446,645.1
447,645.2
448,645.4
449,645.4
450,645.6
451,645.7
452,645.9
453,646.2
454,646.2
455,646.4
456,646.7
457,646.8
458,646.9
459,647.2
460,647.3
461,647.6
462,647.8
463,647.9
464,648.0
465,648.1
466,648.3
467,648.5
468,648.6
469,648.7
470,649.0
471,649.3
472,649.6
473,649.9
474,650.2
475,650.2
476,650.4
477,650.5
478,650.6
479,650.7
480,650.8
481,651.0
482,651.2
483,651.4
484,651.6
485,651.8
486,651.9
487,652.1
488,652.3
489,652.5
490,652.7
491,652.7
492,652.7
493,653.0
494,653.0
495,653.1
496,653.7
497,653.9
498,653.9
499,654.1
500,654.3
501,654.5
502,654.7
503,654.9
504,655.1
505,655.3
506,655.5
507,655.7
508,655.9
509,656.4
510,656.8
511,657.0
512,657.1
513,657.4
514,657.4
515,657.5
516,657.6
517,657.8
518,657.8
519,658.2
520,658.4
521,658.7
522,658.8
523,659.1
524,659.6
525,659.6
526,659.6
527,659.7
528,660.0
529,660.2
530,660.3
531,660.3
532,660.6
533,660.9
534,660.9
535,661.4
536,661.5
537,661.5
538,661.6
539,661.7
540,661.8
541,662.1
542,662.1
543,662.2
544,662.2
545,662.3
546,662.4
547,662.7
548,662.9
549,663.1
550,663.3
551,663.6
552,663.6
553,663.9
554,664.2
555,664.3
556,664.3
557,664.3
558,664.8
559,665.0
560,665.1
561,665.2
562,665.6
563,665.9
564,666.0
565,666.1
566,666.4
567,666.5
568,667.0
569,667.3
570,667.5
571,667.6
572,667.7
573,667.8
574,667.8
575,667.9
576,668.0
577,668.2
578,668.3
579,668.4
580,668.4
581,668.7
582,668.9
583,669.4
584,669.6
585,669.9
586,670.1
587,670.3
588,670.4
589,670.4
590,670.6
591,670.8
592,671.0
593,671.0
594,671.1
595,671.4
596,671.5
597,671.5
598,671.7
599,672.1
600,672.4
601,672.5
602,672.7
603,672.9
604,673.3
605,673.3
606,673.3
607,673.4
608,673.8
609,673.8
610,674.1
611,674.3
612,674.4
613,674.6
614,674.7
615,674.8
616,675.0
617,675.1
618,675.4
619,675.5
620,675.8
621,676.0
622,676.3
623,676.4
624,676.5
625,676.8
626,677.0
627,677.4
628,677.5
629,677.7
630,678.0
631,678.1
632,678.3
633,678.3
634,678.4
635,678.5
636,678.6
637,678.9
638,679.1
639,679.1
640,679.2
641,679.3
642,679.7
643,680.0
644,680.1
645,680.1
646,680.1
647,680.4
648,680.7
649,680.7
650,680.9
651,681.1
652,681.3
653,681.7
654,681.9
655,682.1
656,682.1
657,682.3
658,682.6
659,682.6
660,682.7
661,682.9
662,683.3
663,683.4
664,683.4
665,683.4
666,683.7
667,683.9
668,684.3
669,684.6
670,684.6
671,684.7
672,685.0
673,685.1
674,685.3
675,685.5
676,685.5
677,685.8
678,685.8
679,685.8
680,686.0
681,686.1
682,686.5
683,686.5
684,686.6
685,686.8
686,687.1
687,687.2
688,687.3
689,687.6
690,687.6
691,688.0
692,688.0
693,688.5
694,688.7
695,688.9
696,688.9
697,689.0
698,689.1
699,689.3
700,689.5
701,689.5
702,689.5
703,689.6
704,689.8
705,689.8
706,689.9
707,690.1
708,690.4
709,690.5
710,690.8
711,690.9
712,691.0
713,691.1
714,691.3
715,691.4
716,691.5
717,691.9
718,692.2
719,692.3
720,692.5
721,692.6
722,692.8
723,693.1
724,693.2
725,693.3
726,693.6
727,693.8
728,694.1
729,694.1
730,694.3
731,694.6
732,694.6
733,695.1
734,695.3
735,695.5
736,695.6
737,695.7
738,695.8
739,695.8
740,696.0
741,696.2
742,696.2
743,696.4
744,696.6
745,696.9
746,696.9
747,697.0
748,697.2
749,697.4
750,697.4
751,697.7
752,697.7
753,698.0
754,698.0
755,698.5
756,698.7
757,698.9
758,699.0
759,699.2
760,699.3
761,699.6
762,699.9
763,699.9
764,699.9
765,700.0
766,700.1
767,700.1
768,700.3
769,700.5
770,700.5
771,700.6
772,700.8
773,701.2
774,701.6
775,701.9
776,701.9
777,702.0
778,702.2
779,702.3
780,702.4
781,702.5
782,702.6
783,702.7
784,702.8
785,703.0
786,703.0
787,703.2
788,703.3
789,703.5
790,703.8
791,704.0
792,704.2
793,704.4
794,704.6
795,704.6
796,704.6
797,704.7
798,704.7
799,704.8
800,704.9
801,705.1
802,705.1
803,705.3
804,705.6
805,705.9
806,706.1
807,706.2
808,706.4
809,706.5
810,706.9
811,707.0
812,707.2
813,707.5
814,707.7
815,707.8
816,707.9
817,707.9
818,707.9
819,708.1
820,708.4
821,708.5
822,708.6
823,708.6
824,708.8
825,708.8
826,709.0
827,709.2
828,709.4
829,709.5
830,709.6
831,709.7
832,709.8
833,710.0
834,710.3
835,710.3
836,710.4
837,710.6
838,710.7
839,710.7
840,710.8
841,711.1
842,711.4
843,711.5
844,711.7
845,711.9
846,712.3
847,712.3
848,712.5
849,712.6
850,712.7
851,712.7
852,713.1
853,713.2
854,713.4
855,713.5
856,713.6
857,713.7
858,714.0
859,714.2
860,714.3
861,714.5
862,714.7
863,714.8
864,714.8
865,715.0
866,715.0
867,715.2
868,715.4
869,715.6
870,715.7
871,715.8
872,715.9
873,716.4
874,716.6
875,716.7
876,716.9
877,717.1
878,717.2
879,717.7
880,717.7
881,718.1
882,718.4
883,718.8
884,718.8
885,718.8
886,718.8
887,719.1
888,719.2
889,719.5
890,719.6
891,719.8
892,720.0
893,720.1
894,720.1
895,720.3
896,720.6
897,720.6
898,720.7
899,720.8
900,721.0
901,721.2
902,721.2
903,721.2
904,721.5
905,721.6
906,721.6
907,721.8
908,721.9
909,722.3
910,722.3
911,722.4
912,722.7
913,722.9
914,723.0
915,723.3
916,723.3
917,723.4
918,723.6
919,723.9
920,724.0
921,724.3
922,724.4
923,724.4
924,724.5
925,724.6
926,724.7
927,725.0
928,725.4
929,725.4
930,725.5
931,725.6
932,725.7
933,725.8
934,726.1
935,726.3
936,726.7
937,727.0
938,727.0
939,727.0
940,727.1
941,727.3
942,727.4
943,727.6
944,727.6
945,727.8
946,727.9
947,728.2
948,728.3
949,728.4
950,728.8
951,729.1
952,729.2
953,729.4
954,729.6
955,729.8
956,730.0
957,730.0
958,730.1
959,730.3
960,730.4
961,730.4
962,730.8
963,730.9
964,731.2
965,731.3
966,731.5
967,731.8
968,731.8
969,731.9
970,732.0
971,732.1
972,732.4
973,732.5
974,732.6
975,732.8
976,733.1
977,733.3
978,733.5
979,733.7
980,733.8
981,733.9
982,734.2
983,734.4
984,734.6
985,734.7
986,734.8
987,735.1
988,735.2
989,735.5
990,735.5
991,735.8
992,735.8
993,735.9
994,735.9
995,735.9
996,736.2
997,736.2
998,736.4
999,736.8
1000,737.0
1001,737.3
1002,737.4
1003,737.5
1004,737.8
1005,738.0
1006,738.2
1007,738.3
1008,738.3
1009,738.6
1010,738.6
1011,738.6
1012,738.9
1013,739.0
1014,739.2
1015,739.4
1016,739.7
1017,739.9
1018,740.1
1019,740.2
1020,740.4
1021,740.5
1022,740.9
1023,741.0
1024,741.0
1025,741.1
1026,741.3
1027,741.3
1028,741.6
1029,741.8
1030,742.1
1031,742.2
1032,742.2
1033,742.3
1034,742.6
1035,742.8
1036,743.0
1037,743.2
1038,743.2
1039,743.3
1040,743.5
1041,743.6
1042,743.7
1043,744.0
1044,744.1
1045,744.4
1046,744.6
1047,744.6
1048,744.8
1049,744.8
1050,744.9
1051,745.0
1052,745.3
1053,745.3
1054,745.6
1055,745.7
1056,745.9
1057,746.1
1058,746.4
1059,746.5
1060,746.6
1061,746.7
1062,747.3
1063,747.3
1064,747.4
1065,747.5
1066,747.7
1067,747.9
1068,748.1
1069,748.3
1070,748.3
1071,748.3
1072,748.5
1073,748.5
1074,748.7
1075,749.0
1076,749.1
1077,749.1
1078,749.3
1079,749.4
1080,749.4
1081,749.7
1082,749.7
1083,749.9
1084,750.1
1085,750.3
1086,750.4
1087,750.7
1088,750.7
1089,750.9
1090,750.9
1091,750.9
1092,751.2
1093,751.5
1094,751.6
1095,751.6
1096,751.8
1097,751.8
1098,752.1
1099,752.2
1100,752.4
1101,752.7
1102,752.8
1103,753.0
1104,753.0
1105,753.0
1106,753.1
1107,753.1
1108,753.3
1109,753.4
1110,753.6
1111,753.7
1112,754.0
1113,754.1
1114,754.2
1115,754.5
1116,754.6
1117,754.8
1118,754.8
1119,754.9
1120,755.3
1121,755.4
1122,755.5
1123,755.6
1124,755.7
1125,755.9
1126,756.0
1127,756.0
1128,756.1
1129,756.1
1130,756.3
1131,756.7
1132,756.8
1133,757.0
1134,757.1
1135,757.2
1136,757.4
1137,757.6
1138,757.9
1139,758.1
1140,758.2
1141,758.3
1142,758.4
1143,758.5
1144,758.7
1145,758.7
1146,758.8
1147,759.0
1148,759.2
1149,759.4
1150,759.6
1151,759.8
1152,759.9
1153,760.1
1154,760.2
1155,760.4
1156,760.4
1157,760.5
1158,760.6
1159,760.7
1160,760.7
1161,760.7
1162,760.9
1163,761.1
1164,761.1
1165,761.4
1166,761.4
1167,761.5
1168,761.8
1169,762.0
1170,762.0
1171,762.1
1172,762.1
1173,762.2
1174,762.5
1175,762.5
1176,762.6
1177,762.7
1178,762.8
1179,763.0
1180,763.3
1181,763.3
1182,763.4
1183,763.4
1184,763.6
1185,763.7
1186,763.8
1187,763.8
1188,764.0
1189,764.0
1190,764.2
1191,764.3
1192,764.3
1193,764.4
1194,764.6
1195,764.6
1196,764.9
1197,765.2
1198,765.2
1199,765.4
1200,765.5
1201,765.6
1202,765.8
1203,765.9
1204,766.1
1205,766.2
1206,766.4
1207,766.8
1208,766.9
1209,766.9
1210,766.9
1211,767.0
1212,767.0
1213,767.1
1214,767.2
1215,767.3
1216,767.3
1217,767.5
1218,767.7
1219,767.9
1220,768.1
1221,768.3
1222,768.4
1223,768.6
1224,768.7
1225,768.8
1226,768.8
1227,768.9
1228,769.1
1229,769.4
1230,769.5
1231,769.5
1232,769.6
1233,770.0
1234,770.1
1235,770.2
1236,770.3
1237,770.3
1238,770.5
1239,770.5
1240,770.9
1241,770.9
1242,770.9
1243,771.2
1244,771.3
1245,771.5
1246,771.7
1247,771.7
1248,772.0
1249,772.1
1250,772.2
1251,772.3
1252,772.3
1253,772.7
1254,772.8
1255,772.8
1256,772.8
1257,773.1
1258,773.3
1259,773.4
1260,773.6
1261,773.7
1262,773.9
1263,774.1
1264,774.4
1265,774.5
1266,774.6
1267,775.0
1268,775.2
1269,775.4
1270,775.6
1271,775.7
1272,775.8
1273,775.8
1274,776.2
1275,776.3
1276,776.3
1277,776.5
1278,776.8
1279,776.8
1280,777.1
1281,777.2
1282,777.4
1283,777.4
1284,777.6
1285,777.6
1286,777.8
1287,777.8
1288,778.0
1289,778.2
1290,778.4
1291,779.0
1292,779.3
1293,779.4
1294,779.5
1295,779.6
1296,779.6
1297,779.7
1298,779.8
1299,779.9
1300,780.0
1301,780.2
1302,780.2
1303,780.3
1304,780.4
1305,780.6
1306,780.7
1307,780.8
1308,780.9
1309,781.3
1310,781.4
1311,781.5
1312,781.5
1313,781.7
1314,782.0
1315,782.4
1316,782.7
1317,782.7
1318,782.8
1319,782.9
1320,783.1
1321,783.4
1322,783.4
1323,783.5
1324,783.7
1325,783.7
1326,784.0
1327,784.1
1328,784.2
1329,784.3
1330,784.4
1331,784.5
1332,784.5
1333,784.6
1334,784.7
1335,784.7
1336,785.1
1337,785.3
1338,785.3
1339,785.5
1340,785.7
1341,785.8
1342,785.8
1343,785.8
1344,786.1
1345,786.1
1346,786.3
1347,786.7
1348,786.8
1349,786.9
1350,786.9
1351,787.1
1352,787.1
1353,787.1
1354,787.2
1355,787.5
1356,787.5
1357,787.7
1358,788.0
1359,788.2
1360,788.3
1361,788.3
1362,788.5
1363,788.5
1364,788.7
1365,788.8
1366,788.9
1367,788.9
1368,789.0
1369,789.1
1370,789.3
1371,789.5
1372,789.7
1373,789.7
1374,789.7
1375,789.7
1376,789.8
1377,790.0
1378,790.2
1379,790.3
1380,790.3
1381,790.5
1382,790.7
1383,791.0
1384,791.2
1385,791.2
1386,791.2
1387,791.3
1388,791.4
1389,791.5
1390,791.7
1391,791.8
1392,791.9
1393,792.0
1394,792.0
1395,792.2
1396,792.3
1397,792.4
1398,792.7
1399,792.7
1400,792.8
1401,792.9
1402,793.3
1403,793.4
1404,793.4
1405,793.4
1406,793.4
1407,793.6
1408,793.6
1409,793.7
1410,793.8
1411,793.8
1412,794.0
1413,794.3
1414,794.4
1415,794.6
1416,794.6
1417,794.7
1418,795.0
1419,795.2
1420,795.3
1421,795.5
1422,795.7
1423,795.9
1424,795.9
1425,796.1
1426,796.3
1427,796.3
1428,796.4
1429,796.7
1430,796.8
1431,796.9
1432,796.9
1433,797.0
1434,797.3
1435,797.4
1436,797.4
1437,797.5
1438,797.6
1439,797.6
1440,797.6
1441,797.7
1442,797.9
1443,798.0
1444,798.2
1445,798.5
1446,798.5
1447,798.6
1448,798.8
1449,798.9
1450,799.1
1451,799.3
1452,799.6
1453,799.7
1454,799.7
1455,799.9
1456,800.0
1457,800.0
1458,800.5
1459,800.7
1460,801.0
1461,801.2
1462,801.5
1463,801.6
1464,801.6
1465,801.7
1466,801.9
1467,802.0
1468,802.0
1469,802.0
1470,802.2
1471,802.4
1472,802.5
1473,802.6
1474,802.8
1475,802.9
1476,803.3
1477,803.5
1478,803.7
1479,803.7
1480,803.8
1481,803.9
1482,804.0
1483,804.1
1484,804.2
1485,804.4
1486,804.5
1487,804.5
1488,804.6
1489,804.8
1490,804.8
1491,804.9
1492,805.0
1493,805.0
1494,805.0
1495,805.2
1496,805.2
1497,805.4
1498,805.6
1499,805.9
1500,806.0
1501,806.2
1502,806.2
1503,806.4
1504,806.5
1505,806.7
1506,806.8
1507,806.8
1508,807.0
1509,807.2
1510,807.5
1511,807.5
1512,807.5
1513,807.6
1514,807.6
1515,807.9
1516,808.1
1517,808.3
1518,808.5
1519,808.6
1520,808.6
1521,808.6
1522,808.6
1523,809.1
1524,809.2
1525,809.3
1526,809.3
1527,809.5
1528,809.7
1529,809.8
1530,810.0
1531,810.1
1532,810.3
1533,810.4
1534,810.4
1535,810.5
1536,810.6
1537,810.8
1538,810.9
1539,810.9
1540,811.1
1541,811.2
1542,811.2
1543,811.2
1544,811.2
1545,811.3
1546,811.6
1547,811.8
1548,811.8
1549,811.9
1550,812.0
1551,812.1
1552,812.3
1553,812.3
1554,812.5
1555,812.7
1556,812.9
1557,812.9
1558,812.9
1559,812.9
1560,813.0
1561,813.1
1562,813.1
1563,813.2
1564,813.2
1565,813.5
1566,813.5
1567,813.6
1568,813.7
1569,813.8
1570,814.1
1571,814.4
1572,814.4
1573,814.5
1574,814.7
1575,815.3
1576,815.3
1577,815.4
1578,815.5
1579,815.5
1580,815.7
1581,815.8
1582,815.9
1583,816.0
1584,816.3
1585,816.5
1586,816.6
1587,816.7
1588,816.9
1589,816.9
1590,816.9
1591,817.2
1592,817.3
1593,817.3
1594,817.3
1595,817.4
1596,817.7
1597,817.8
1598,818.1
1599,818.1
1600,818.2
1601,818.3
1602,818.4
1603,818.5
1604,818.8
1605,818.9
1606,819.0
1607,819.2
1608,819.4
1609,819.5
1610,819.5
1611,819.8
1612,819.9
1613,820.1
1614,820.1
1615,820.1
1616,820.1
1617,820.3
1618,820.3
1619,820.4
1620,820.6
1621,820.6
1622,820.7
1623,820.7
1624,820.7
1625,820.9
1626,821.1
1627,821.2
1628,821.3
1629,821.3
1630,821.4
1631,821.5
1632,821.6
1633,821.7
1634,821.7
1635,822.1
1636,822.1
1637,822.2
1638,822.2
1639,822.3
1640,822.4
1641,822.5
1642,822.5
1643,822.7
1644,822.7
1645,822.7
1646,822.8
1647,823.1
1648,823.2
1649,823.2
1650,823.5
1651,823.7
1652,823.9
1653,824.1
1654,824.1
1655,824.4
1656,824.4
1657,824.5
1658,824.6
1659,824.8
1660,824.8
1661,824.9
1662,825.1
1663,825.1
1664,825.3
1665,825.5
1666,825.7
1667,825.9
1668,826.0
1669,826.2
1670,826.4
1671,826.5
1672,826.6
1673,826.6
1674,826.8
1675,826.9
1676,827.1
1677,827.1
1678,827.3
1679,827.3
1680,827.4
1681,827.6
1682,827.6
1683,827.9
1684,828.0
1685,828.2
1686,828.3
1687,828.3
1688,828.4
1689,828.5
1690,828.6
1691,828.8
1692,829.0
1693,829.1
1694,829.2
1695,829.2
1696,829.4
1697,829.6
1698,829.7
1699,829.7
1700,829.7
1701,829.9
1702,830.1
1703,830.2
1704,830.4
1705,830.4
1706,830.6
1707,830.6
1708,830.7
1709,830.7
1710,830.8
1711,831.0
1712,831.4
1713,831.5
1714,831.6
1715,831.7
1716,831.7
1717,831.7
1718,831.9
1719,832.1
1720,832.2
1721,832.3
1722,832.4
1723,832.5
1724,832.7
1725,832.8
1726,833.0
1727,833.0
1728,833.1
1729,833.1
1730,833.2
1731,833.4
1732,833.6
1733,833.9
1734,834.0
1735,834.0
1736,834.1
1737,834.3
1738,834.3
1739,834.3
1740,834.5
1741,834.6
1742,834.7
1743,834.8
1744,834.9
1745,835.0
1746,835.1
1747,835.1
1748,835.2
1749,835.3
1750,835.4
1751,835.6
1752,835.6
1753,835.8
1754,835.9
1755,836.1
1756,836.1
1757,836.1
1758,836.2
1759,836.3
1760,836.3
1761,836.3
1762,836.6
1763,836.8
1764,837.0
1765,837.0
1766,837.1
1767,837.1
1768,837.3
1769,837.5
1770,837.6
1771,837.7
1772,837.8
1773,837.9
1774,838.0
1775,838.2
1776,838.2
1777,838.4
1778,838.4
1779,838.5
1780,838.6
1781,838.7
1782,838.9
1783,839.0
1784,839.0
1785,839.1
1786,839.2
1787,839.4
1788,839.8
1789,839.8
1790,840.0
1791,840.0
1792,840.0
1793,840.1
1794,840.3
1795,840.4
1796,840.5
1797,840.5
1798,840.5
1799,840.5
1800,840.5
1801,840.5
1802,840.5
1803,840.7
1804,840.8
1805,840.9
1806,841.1
1807,841.1
1808,841.1
1809,841.2
1810,841.4
1811,841.4
1812,841.4
1813,841.5
1814,841.6
1815,841.6
1816,841.8
1817,841.8
1818,841.8
1819,842.0
1820,842.2
1821,842.2
1822,842.5
1823,842.7
1824,842.7
1825,842.7
1826,842.9
1827,842.9
1828,843.0
1829,843.0
1830,843.0
1831,843.0
1832,843.2
1833,843.4
1834,843.5
1835,843.7
1836,843.9
1837,843.9
1838,843.9
1839,844.0
1840,844.0
1841,844.1
1842,844.3
1843,844.3
1844,844.6
1845,844.7
1846,844.7
1847,844.8
1848,844.8
1849,845.0
1850,845.2
1851,845.5
1852,845.6
1853,845.6
1854,845.7
1855,845.7
1856,845.7
1857,845.8
1858,845.8
1859,846.1
1860,846.2
1861,846.3
1862,846.4
1863,846.4
1864,846.4
1865,846.5
1866,846.6
1867,846.8
1868,846.9
1869,847.1
1870,847.2
1871,847.3
1872,847.5
1873,847.5
1874,847.7
1875,847.8
1876,847.8
1877,847.9
1878,847.9
1879,848.1
1880,848.1
1881,848.3
1882,848.4
1883,848.6
1884,848.9
1885,848.9
1886,849.0
1887,849.0
1888,849.1
1889,849.1
1890,849.2
1891,849.2
1892,849.2
1893,849.2
1894,849.4
1895,849.7
1896,849.7
1897,849.9
1898,850.0
1899,850.1
1900,850.2
1901,850.5
1902,850.6
1903,850.7
1904,850.7
1905,850.8
1906,850.8
1907,851.1
1908,851.1
1909,851.2
1910,851.2
1911,851.2
1912,851.2
1913,851.2
1914,851.4
1915,851.4
1916,851.6
1917,851.7
1918,851.8
1919,851.9
1920,852.0
1921,852.0
1922,852.1
1923,852.3
1924,852.3
1925,852.3
1926,852.5
1927,852.7
1928,852.8
1929,852.9
1930,852.9
1931,852.9
1932,853.2
1933,853.3
1934,853.4
1935,853.5
1936,853.7
1937,853.8
1938,853.9
1939,853.9
1940,854.1
1941,854.2
1942,854.3
1943,854.4
1944,854.4
1945,854.6
1946,854.7
1947,854.7
1948,854.8
1949,854.9
1950,854.9
1951,854.9
1952,855.0
1953,855.1
1954,855.3
1955,855.4
1956,855.4
1957,855.5
1958,855.5
1959,855.5
1960,855.7
1961,855.9
1962,856.1
1963,856.3
1964,856.3
1965,856.3
1966,856.4
1967,856.6
1968,856.9
1969,857.1
1970,857.2
1971,857.2
1972,857.4
1973,857.5
1974,857.5
1975,857.5
1976,857.5
1977,857.6
1978,857.7
1979,857.8
1980,858.0
1981,858.1
1982,858.1
1983,858.1
1984,858.2
1985,858.3
1986,858.3
1987,858.4
1988,858.6
1989,858.7
1990,858.7
1991,858.9
1992,859.0
1993,859.0
1994,859.0
1995,859.3
1996,859.4
1997,859.4
1998,859.4
1999,859.6
2000,859.6
2001,859.6
2002,859.6
2003,859.7
2004,859.7
2005,859.8
2006,859.9
2007,860.1
2008,860.2
2009,860.4
2010,860.6
2011,860.6
2012,860.8
2013,860.8
2014,860.8
2015,861.0
2016,861.0
2017,861.1
2018,861.2
2019,861.3
2020,861.3
2021,861.3
2022,861.3
2023,861.4
2024,861.6
2025,861.6
2026,861.6
2027,861.7
2028,861.8
2029,861.9
2030,862.1
2031,862.4
2032,862.5
2033,862.7
2034,862.8
2035,862.9
2036,862.9
2037,863.3
2038,863.3
2039,863.4
2040,863.5
2041,863.6
2042,863.7
2043,863.9
2044,864.1
2045,864.2
2046,864.2
2047,864.2
2048,864.2
2049,864.3
2050,864.5
2051,864.5
2052,864.6
2053,864.9
2054,865.0
2055,865.2
2056,865.2
2057,865.4
2058,865.5
2059,865.5
2060,865.5
2061,865.5
2062,865.5
2063,865.6
2064,865.7
2065,865.7
2066,865.9
2067,865.9
2068,866.0
2069,866.0
2070,866.1
2071,866.4
2072,866.5
2073,866.6
2074,866.8
2075,866.9
2076,867.1
2077,867.1
2078,867.2
2079,867.3
2080,867.3
2081,867.4
2082,867.4
2083,867.6
2084,867.6
2085,867.7
2086,867.9
2087,867.9
2088,868.0
2089,868.2
2090,868.5
2091,868.5
2092,868.6
2093,868.6
2094,868.7
2095,868.7
2096,868.9
2097,869.0
2098,869.1
2099,869.1
2100,869.4
2101,869.4
2102,869.5
2103,869.5
2104,869.7
2105,869.8
2106,869.9
2107,870.1
2108,870.2
2109,870.2
2110,870.2
2111,870.2
2112,870.2
2113,870.5
2114,870.6
2115,870.7
2116,870.7
2117,870.9
2118,870.9
2119,870.9
2120,870.9
2121,870.9
2122,871.0
2123,871.1
2124,871.3
2125,871.3
2126,871.4
2127,871.5
2128,871.5
2129,871.6
2130,871.8
2131,871.8
2132,872.0
2133,872.0
2134,872.0
2135,872.1
2136,872.3
2137,872.4
2138,872.5
2139,872.5
2140,872.5
2141,872.5
2142,872.7
2143,872.7
2144,872.7
2145,872.7
2146,872.8
2147,873.0
2148,873.3
2149,873.4
2150,873.5
2151,873.6
2152,873.7
2153,873.8
2154,873.9
2155,873.9
2156,874.0
2157,874.2
2158,874.4
2159,874.6
2160,874.6
2161,874.8
2162,874.9
2163,875.1
2164,875.1
2165,875.1
2166,875.2
2167,875.2
2168,875.4
2169,875.5
2170,875.6
2171,875.9
2172,875.9
2173,876.0
2174,876.0
2175,876.1
2176,876.1
2177,876.2
2178,876.2
2179,876.4
2180,876.4
2181,876.5
2182,876.8
2183,876.8
2184,876.8
2185,877.0
2186,877.0
2187,877.2
2188,877.4
2189,877.5
2190,877.6
2191,877.6
2192,877.6
2193,877.8
2194,877.9
2195,878.1
2196,878.2
2197,878.3
2198,878.4
2199,878.4
2200,878.5
2201,878.8
2202,878.9
2203,878.9
2204,878.9
2205,879.0
2206,879.3
2207,879.4
2208,879.4
2209,879.5
2210,879.6
2211,879.7
2212,879.7
2213,879.8
2214,879.9
2215,880.0
2216,880.0
2217,880.2
2218,880.3
2219,880.3
2220,880.5
2221,880.5
2222,880.6
2223,880.8
2224,880.9
2225,881.0
2226,881.0
2227,881.0
2228,881.0
2229,881.2
2230,881.2
2231,881.3
2232,881.5
2233,881.5
2234,881.8
2235,881.8
2236,881.8
2237,881.9
2238,882.0
2239,882.0
2240,882.1
2241,882.2
2242,882.4
2243,882.4
2244,882.5
2245,882.7
2246,882.9
2247,882.9
2248,883.0
2249,883.2
2250,883.3
2251,883.4
2252,883.5
2253,883.6
2254,883.8
2255,883.8
2256,884.0
2257,884.0
2258,884.1
2259,884.1
2260,884.3
2261,884.4
2262,884.5
2263,884.6
2264,884.8
2265,884.9
2266,885.0
2267,885.0
2268,885.2
2269,885.4
2270,885.5
2271,885.5
2272,885.7
2273,885.7
2274,885.7
2275,885.7
2276,885.8
2277,886.0
2278,886.0
2279,886.0
2280,886.1
2281,886.4
2282,886.6
2283,886.6
2284,886.6
2285,886.7
2286,886.8
2287,886.8
2288,886.8
2289,886.8
2290,886.8
2291,886.8
2292,886.9
2293,887.0
2294,887.2
2295,887.2
2296,887.5
2297,887.7
2298,887.7
2299,887.8
2300,887.9
2301,887.9
2302,888.0
2303,888.2
2304,888.2
2305,888.3
2306,888.3
2307,888.3
2308,888.4
2309,888.5
2310,888.5
2311,888.6
2312,888.8
2313,888.8
2314,889.0
2315,889.2
2316,889.3
2317,889.4
2318,889.5
2319,889.5
2320,889.5
2321,889.5
2322,889.6
2323,889.7
2324,889.7
2325,890.0
2326,890.1
2327,890.1
2328,890.2
2329,890.3
2330,890.3
2331,890.3
2332,890.4
2333,890.4
2334,890.5
2335,890.6
2336,890.6
2337,890.6
2338,890.7
2339,890.7
2340,890.8
2341,890.9
2342,891.0
2343,891.0
2344,891.2
2345,891.2
2346,891.3
2347,891.4
2348,891.5
2349,891.6
2350,891.6
2351,891.7
2352,891.7
2353,891.7
2354,891.7
2355,892.0
2356,892.0
2357,892.0
2358,892.1
2359,892.1
2360,892.3
2361,892.3
2362,892.4
2363,892.4
2364,892.6
2365,892.9
2366,892.9
2367,893.0
2368,893.2
2369,893.3
2370,893.3
2371,893.3
2372,893.5
2373,893.7
2374,893.7
2375,893.7
2376,893.7
2377,893.8
2378,894.0
2379,894.0
2380,894.0
2381,894.1
2382,894.1
2383,894.3
2384,894.3
2385,894.4
2386,894.4
2387,894.4
2388,894.5
2389,894.6
2390,894.6
2391,894.6
2392,894.8
2393,894.9
2394,895.0
2395,895.0
2396,895.0
2397,895.0
2398,895.0
2399,895.1
2400,895.2
2401,895.2
2402,895.3
2403,895.3
2404,895.3
2405,895.4
2406,895.5
2407,895.6
2408,895.8
2409,895.8
2410,895.8
2411,895.9
2412,895.9
2413,896.0
2414,896.0
2415,896.1
2416,896.1
2417,896.1
2418,896.4
2419,896.4
2420,896.5
2421,896.5
2422,896.5
2423,896.5
2424,896.6
2425,896.8
2426,896.9
2427,897.0
2428,897.0
2429,897.1
2430,897.1
2431,897.1
2432,897.2
2433,897.2
2434,897.3
2435,897.3
2436,897.3
2437,897.4
2438,897.5
2439,897.7
2440,897.7
2441,897.7
2442,897.7
2443,897.8
2444,897.9
2445,897.9
2446,898.0
2447,898.1
2448,898.1
2449,898.3
2450,898.3
2451,898.3
2452,898.4
2453,898.4
2454,898.6
2455,898.6
2456,898.6
2457,898.6
2458,898.7
2459,898.9
2460,899.0
2461,899.2
2462,899.2
2463,899.3
2464,899.3
2465,899.4
2466,899.6
2467,899.8
2468,899.9
2469,900.0
2470,900.0
2471,900.1
2472,900.1
2473,900.3
2474,900.3
2475,900.4
2476,900.5
2477,900.6
2478,900.7
2479,900.9
2480,901.0
2481,901.0
2482,901.1
2483,901.1
2484,901.2
2485,901.3
2486,901.4
2487,901.4
2488,901.4
2489,901.5
2490,901.5
2491,901.7
2492,901.8
2493,902.0
2494,902.0
2495,902.2
2496,902.3
2497,902.4
2498,902.4
2499,902.5
2500,902.5
2501,902.6
2502,902.8
2503,902.8
2504,902.8
2505,902.8
2506,902.9
2507,902.9
2508,903.1
2509,903.1
2510,903.2
2511,903.3
2512,903.3
2513,903.3
2514,903.4
2515,903.5
2516,903.7
2517,903.7
2518,903.7
2519,903.7
2520,903.7
2521,903.7
2522,903.7
2523,903.7
2524,904.0
2525,904.1
2526,904.2
2527,904.3
2528,904.5
2529,904.6
2530,904.7
2531,904.7
2532,904.7
2533,904.7
2534,904.8
2535,904.8
2536,904.8
2537,905.0
2538,905.2
2539,905.2
2540,905.2
2541,905.2
2542,905.2
2543,905.3
2544,905.4
2545,905.4
2546,905.5
2547,905.5
2548,905.5
2549,905.5
2550,905.6
2551,905.8
2552,906.0
2553,905.9
2554,905.9
2555,905.9
2556,906.0
2557,906.0
2558,906.3
2559,906.3
2560,906.4
2561,906.5
2562,906.5
2563,906.6
2564,906.6
2565,906.7
2566,906.8
2567,906.9
2568,907.0
2569,907.0
2570,907.2
2571,907.2
2572,907.2
2573,907.2
2574,907.3
2575,907.3
2576,907.4
2577,907.5
2578,907.5
2579,907.6
2580,907.6
2581,907.6
2582,907.6
2583,907.7
2584,907.9
2585,908.0
2586,908.0
2587,908.0
2588,908.0
2589,908.2
2590,908.4
2591,908.7
2592,908.7
2593,908.8
2594,908.8
2595,908.9
2596,908.9
2597,908.9
2598,909.0
2599,909.0
2600,909.2
2601,909.3
2602,909.3
2603,909.4
2604,909.5
2605,909.6
2606,909.6
2607,909.7
2608,909.9
2609,909.9
2610,910.1
2611,910.3
2612,910.3
2613,910.4
2614,910.4
2615,910.4
2616,910.5
2617,910.6
2618,910.7
2619,910.7
2620,910.7
2621,910.8
2622,910.9
2623,910.9
2624,910.9
2625,911.0
2626,911.0
2627,911.1
2628,911.1
2629,911.1
2630,911.1
2631,911.3
2632,911.4
2633,911.4
2634,911.5
2635,911.5
2636,911.5
2637,911.5
2638,911.5
2639,911.5
2640,911.5
2641,911.5
2642,911.6
2643,911.7
2644,911.7
2645,911.7
2646,911.9
2647,911.9
2648,911.9
2649,912.1
2650,912.2
2651,912.2
2652,912.2
2653,912.2
2654,912.2
2655,912.2
2656,912.2
2657,912.4
2658,912.6
2659,912.6
2660,912.8
2661,912.9
2662,912.9
2663,913.0
2664,913.2
2665,913.2
2666,913.3
2667,913.3
2668,913.6
2669,913.7
2670,913.8
2671,913.9
2672,913.9
2673,913.9
2674,914.0
2675,914.0
2676,914.1
2677,914.3
2678,914.3
2679,914.3
2680,914.4
2681,914.5
2682,914.5
2683,914.5
2684,914.5
2685,914.5
2686,914.6
2687,914.7
2688,914.7
2689,914.7
2690,914.8
2691,915.0
2692,915.0
2693,915.1
2694,915.2
2695,915.3
2696,915.4
2697,915.4
2698,915.4
2699,915.4
2700,915.5
2701,915.7
2702,915.9
2703,915.9
2704,915.9
2705,916.0
2706,916.1
2707,916.2
2708,916.2
2709,916.2
2710,916.2
2711,916.3
2712,916.3
2713,916.4
2714,916.4
2715,916.4
2716,916.6
2717,916.6
2718,916.6
2719,916.9
2720,916.8
2721,916.9
2722,916.9
2723,916.9
2724,917.0
2725,917.0
2726,917.0
2727,917.0
2728,917.1
2729,917.1
2730,917.3
2731,917.3
2732,917.5
2733,917.5
2734,917.6
2735,917.7
2736,917.7
2737,917.8
2738,917.9
2739,918.0
2740,918.0
2741,918.2
2742,918.2
2743,918.4
2744,918.4
2745,918.5
2746,918.5
2747,918.5
2748,918.5
2749,918.7
2750,918.7
2751,918.7
2752,918.7
2753,918.7
2754,918.7
2755,918.7
2756,918.7
2757,918.7
2758,918.7
2759,918.8
2760,918.8
2761,919.0
2762,919.0
2763,919.0
2764,919.0
2765,919.2
2766,919.2
2767,919.3
2768,919.5
2769,919.5
2770,919.5
2771,919.7
2772,919.9
2773,919.9
2774,919.9
2775,919.9
2776,920.0
2777,920.1
2778,920.1
2779,920.1
2780,920.1
2781,920.1
2782,920.3
2783,920.4
2784,920.5
2785,920.6
2786,920.7
2787,920.7
2788,920.7
2789,920.7
2790,920.7
2791,920.8
2792,920.8
2793,921.1
2794,921.2
2795,921.2
2796,921.3
2797,921.3
2798,921.4
2799,921.4
2800,921.4
2801,921.5
2802,921.5
2803,921.5
2804,921.6
2805,921.6
2806,921.6
2807,921.6
2808,921.6
2809,921.6
2810,921.8
2811,921.8
2812,922.1
2813,922.3
2814,922.3
2815,922.3
2816,922.3
2817,922.3
2818,922.5
2819,922.5
2820,922.5
2821,922.6
2822,922.6
2823,922.6
2824,922.7
2825,922.8
2826,922.8
2827,922.8
2828,922.8
2829,922.9
2830,923.0
2831,923.0
2832,923.0
2833,923.0
2834,923.0
2835,923.0
2836,923.1
2837,923.1
2838,923.1
2839,923.1
2840,923.2
2841,923.3
2842,923.4
2843,923.5
2844,923.6
2845,923.7
2846,923.8
2847,923.8
2848,923.8
2849,923.8
2850,923.8
2851,924.0
2852,924.0
2853,924.0
2854,924.1
2855,924.2
2856,924.2
2857,924.2
2858,924.2
2859,924.2
2860,924.3
2861,924.3
2862,924.3
2863,924.3
2864,924.3
2865,924.4
2866,924.5
2867,924.5
2868,924.5
2869,924.6
2870,924.7
2871,924.7
2872,924.8
2873,924.8
2874,924.8
2875,924.8
2876,924.9
2877,924.9
2878,925.0
2879,925.2
2880,925.2
2881,925.2
2882,925.3
2883,925.4
2884,925.4
2885,925.4
2886,925.4
2887,925.4
2888,925.4
2889,925.5
2890,925.6
2891,925.6
2892,925.6
2893,925.6
2894,925.7
2895,925.8
2896,925.9
2897,925.9
2898,926.0
2899,926.1
2900,926.2
2901,926.2
2902,926.2
2903,926.3
2904,926.4
2905,926.4
2906,926.5
2907,926.5
2908,926.6
2909,926.7
2910,926.7
2911,926.8
2912,926.8
2913,926.8
2914,926.8
2915,926.8
2916,926.8
2917,926.8
2918,926.8
2919,926.9
2920,926.9
2921,926.9
2922,926.9
2923,926.9
2924,926.9
2925,926.9
2926,926.9
2927,927.1
2928,927.1
2929,927.2
2930,927.2
2931,927.3
2932,927.3
2933,927.3
2934,927.3
2935,927.5
2936,927.6
2937,927.7
2938,927.8
2939,927.8
2940,927.8
2941,927.9
2942,927.9
2943,927.9
2944,927.9
2945,928.1
2946,928.1
2947,928.4
2948,928.4
2949,928.5
2950,928.5
2951,928.5
2952,928.6
2953,928.7
2954,928.7
2955,928.7
2956,928.7
2957,928.7
2958,928.8
2959,928.8
2960,928.8
2961,928.8
2962,929.0
2963,929.0
2964,929.0
2965,929.0
2966,929.3
2967,929.3
2968,929.3
2969,929.3
2970,929.5
2971,929.5
2972,929.5
2973,929.5
2974,929.6
2975,929.6
2976,929.6
2977,929.7
2978,929.7
2979,929.8
2980,929.8
2981,929.8
2982,929.8
2983,930.0
2984,930.0
2985,930.1
2986,930.1
2987,930.2
2988,930.3
2989,930.3
2990,930.3
2991,930.4
2992,930.4
2993,930.5
2994,930.5
2995,930.5
2996,930.5
2997,930.5
2998,930.5
2999,930.6
3000,930.7
3001,930.7
3002,930.8
3003,930.8
3004,931.0
3005,931.1
3006,931.2
3007,931.2
3008,931.5
3009,931.5
3010,931.6
3011,931.6
3012,931.6
3013,931.7
3014,932.0
3015,932.0
3016,932.0
3017,932.1
3018,932.3
3019,932.3
3020,932.3
3021,932.3
3022,932.5
3023,932.6
3024,932.6
3025,932.6
3026,932.6
3027,932.6
3028,932.7
3029,932.7
3030,932.7
3031,932.7
3032,932.7
3033,932.9
3034,933.0
3035,933.0
3036,933.0
3037,933.1
3038,933.1
3039,933.1
3040,933.1
3041,933.1
3042,933.2
3043,933.4
3044,933.4
3045,933.4
3046,933.4
3047,933.4
3048,933.6
3049,933.8
3050,933.8
3051,933.9
3052,933.9
3053,933.9
3054,934.0
3055,934.0
3056,934.0
3057,934.0
3058,934.1
3059,934.1
3060,934.1
3061,934.2
3062,934.3
3063,934.4
3064,934.4
3065,934.4
3066,934.4
3067,934.7
3068,934.6
3069,934.6
3070,934.7
3071,934.7
3072,934.8
3073,934.8
3074,934.8
3075,934.9
3076,935.0
3077,935.1
3078,935.1
3079,935.1
3080,935.2
3081,935.2
3082,935.2
3083,935.2
3084,935.3
3085,935.3
3086,935.3
3087,935.4
3088,935.4
3089,935.4
3090,935.5
3091,935.6
3092,935.6
3093,935.7
3094,935.7
3095,935.7
3096,935.8
3097,935.8
3098,935.8
3099,935.8
3100,935.8
3101,935.9
3102,936.0
3103,936.1
3104,936.1
3105,936.1
3106,936.1
3107,936.1
3108,936.2
3109,936.2
3110,936.2
3111,936.2
3112,936.4
3113,936.4
3114,936.4
3115,936.5
3116,936.5
3117,936.5
3118,936.5
3119,936.5
3120,936.5
3121,936.5
3122,936.6
3123,936.6
3124,936.6
3125,936.8
3126,936.9
3127,937.0
3128,937.0
3129,937.1
3130,937.2
3131,937.3
3132,937.4
3133,937.4
3134,937.4
3135,937.4
3136,937.4
3137,937.4
3138,937.4
3139,937.4
3140,937.5
3141,937.6
3142,937.6
3143,937.6
3144,937.7
3145,937.7
3146,937.7
3147,937.8
3148,937.9
3149,937.9
3150,938.0
3151,938.0
3152,938.1
3153,938.1
3154,938.1
3155,938.1
3156,938.3
3157,938.3
3158,938.3
3159,938.3
3160,938.3
3161,938.5
3162,938.5
3163,938.5
3164,938.5
3165,938.5
3166,938.6
3167,938.8
3168,938.9
3169,939.0
3170,939.0
3171,939.0
3172,939.1
3173,939.1
3174,939.2
3175,939.2
3176,939.3
3177,939.3
3178,939.4
3179,939.5
3180,939.6
3181,939.7
3182,939.7
3183,939.8
3184,939.9
3185,940.0
3186,940.0
3187,940.0
3188,940.1
3189,940.1
3190,940.1
3191,940.1
3192,940.1
3193,940.3
3194,940.3
3195,940.3
3196,940.4
3197,940.4
3198,940.4
3199,940.4
3200,940.5
3201,940.6
3202,940.8
3203,940.9
3204,940.9
3205,940.9
3206,940.9
3207,940.9
3208,940.9
3209,941.1
3210,941.2
3211,941.2
3212,941.2
3213,941.2
3214,941.3
3215,941.4
3216,941.4
3217,941.4
3218,941.6
3219,941.7
3220,941.7
3221,941.8
3222,941.9
3223,941.9
3224,941.9
3225,941.9
3226,942.0
3227,942.2
3228,942.3
3229,942.4
3230,942.4
3231,942.5
3232,942.5
3233,942.6
3234,942.6
3235,942.8
3236,942.8
3237,942.9
3238,942.9
3239,942.9
3240,942.9
3241,943.0
3242,943.0
3243,943.0
3244,943.1
3245,943.1
3246,943.3
3247,943.4
3248,943.4
3249,943.4
3250,943.4
3251,943.4
3252,943.5
3253,943.7
3254,943.7
3255,943.7
3256,943.7
3257,943.7
3258,943.8
3259,943.8
3260,943.8
3261,943.8
3262,944.0
3263,944.0
3264,944.1
3265,944.2
3266,944.2
3267,944.3
3268,944.3
3269,944.3
3270,944.4
3271,944.4
3272,944.4
3273,944.5
3274,944.6
3275,944.7
3276,944.8
3277,944.9
3278,944.9
3279,945.0
3280,945.1
3281,945.1
3282,945.1
3283,945.2
3284,945.3
3285,945.5
3286,945.5
3287,945.7
3288,945.7
3289,945.8
3290,945.8
3291,945.8
3292,945.8
3293,945.8
3294,945.8
3295,945.8
3296,945.9
3297,945.9
3298,945.9
3299,945.9
3300,946.0
3301,946.0
3302,946.0
3303,946.1
3304,946.1
3305,946.1
3306,946.2
3307,946.3
3308,946.3
3309,946.3
3310,946.4
3311,946.5
3312,946.5
3313,946.5
3314,946.6
3315,946.7
3316,946.7
3317,946.7
3318,946.7
3319,946.8
3320,946.8
3321,946.8
3322,946.8
3323,946.8
3324,946.8
3325,946.8
3326,946.9
3327,946.9
3328,947.1
3329,947.1
3330,947.2
3331,947.3
3332,947.3
3333,947.3
3334,947.3
3335,947.4
3336,947.5
3337,947.5
3338,947.5
3339,947.6
3340,947.6
3341,947.7
3342,947.9
3343,948.0
3344,948.1
3345,948.1
3346,948.1
3347,948.1
3348,948.1
3349,948.2
3350,948.3
3351,948.4
3352,948.4
3353,948.6
3354,948.6
3355,948.6
3356,948.6
3357,948.6
3358,948.7
3359,948.7
3360,948.7
3361,948.8
3362,948.8
3363,948.8
3364,948.8
3365,948.8
3366,948.8
3367,948.8
3368,948.8
3369,948.9
3370,948.9
3371,948.9
3372,948.9
3373,948.9
3374,949.1
3375,949.1
3376,949.2
3377,949.3
3378,949.4
3379,949.4
3380,949.4
3381,949.4
3382,949.4
3383,949.4
3384,949.4
3385,949.5
3386,949.5
3387,949.7
3388,949.7
3389,949.7
3390,949.8
3391,949.8
3392,949.8
3393,950.0
3394,950.0
3395,950.1
3396,950.1
3397,950.1
3398,950.2
3399,950.2
3400,950.3
3401,950.3
3402,950.4
3403,950.5
3404,950.5
3405,950.5
3406,950.5
3407,950.5
3408,950.6
3409,950.6
3410,950.6
3411,950.6
3412,950.7
3413,950.7
3414,950.7
3415,950.8
3416,950.9
3417,951.0
3418,951.0
3419,951.1
3420,951.2
3421,951.2
3422,951.2
3423,951.2
3424,951.2
3425,951.2
3426,951.3
3427,951.3
3428,951.3
3429,951.3
3430,951.5
3431,951.5
3432,951.6
3433,951.6
3434,951.6
3435,951.7
3436,951.7
3437,951.8
3438,952.1
3439,952.1
3440,952.1
3441,952.1
3442,952.1
3443,952.1
3444,952.2
3445,952.2
3446,952.2
3447,952.2
3448,952.2
3449,952.4
3450,952.4
3451,952.4
3452,952.4
3453,952.4
3454,952.5
3455,952.5
3456,952.5
3457,952.5
3458,952.5
3459,952.5
3460,952.5
3461,952.5
3462,952.7
3463,952.7
3464,952.7
3465,952.8
3466,952.8
3467,952.8
3468,952.9
3469,953.0
3470,953.1
3471,953.1
3472,953.1
3473,953.1
3474,953.1
3475,953.1
3476,953.1
3477,953.1
3478,953.1
3479,953.2
3480,953.3
3481,953.3
3482,953.3
3483,953.3
3484,953.3
3485,953.3
3486,953.3
3487,953.3
3488,953.4
3489,953.4
3490,953.4
3491,953.5
3492,953.5
3493,953.5
3494,953.5
3495,953.6
3496,953.6
3497,953.6
3498,953.6
3499,953.8
3500,953.8
3501,953.9
3502,953.9
3503,954.0
3504,954.0
3505,954.0
3506,954.0
3507,954.0
3508,954.1
3509,954.2
3510,954.2
3511,954.2
3512,954.2
3513,954.2
3514,954.2
3515,954.2
3516,954.3
3517,954.4
3518,954.4
3519,954.4
3520,954.5
3521,954.5
3522,954.5
3523,954.5
3524,954.5
3525,954.5
3526,954.6
3527,954.6
3528,954.6
3529,954.6
3530,954.6
3531,954.6
3532,954.7
3533,954.8
3534,954.8
3535,955.0
3536,955.1
3537,955.1
3538,955.1
3539,955.2
3540,955.2
3541,955.2
3542,955.2
3543,955.3
3544,955.4
3545,955.4
3546,955.4
3547,955.4
3548,955.4
3549,955.4
3550,955.6
3551,955.6
3552,955.6
3553,955.6
3554,955.7
3555,955.7
3556,955.7
3557,955.8
3558,955.8
3559,955.8
3560,955.8
3561,955.8
3562,955.8
3563,955.8
3564,955.8
3565,955.8
3566,955.8
3567,955.9
3568,955.9
3569,956.0
3570,956.0
3571,956.2
3572,956.3
3573,956.3
3574,956.3
3575,956.3
3576,956.3
3577,956.3
3578,956.3
3579,956.4
3580,956.4
3581,956.4
3582,956.4
3583,956.4
3584,956.4
3585,956.4
3586,956.6
3587,956.6
3588,956.7
3589,956.7
3590,956.7
3591,956.7
3592,956.7
3593,956.7
3594,956.8
3595,956.8
3596,956.9
3597,956.9
3598,956.9
3599,956.9
3600,956.9
3601,956.9
3602,956.9
3603,956.9
3604,957.0
3605,957.0
3606,957.0
3607,957.0
3608,957.0
3609,957.1
3610,957.2
3611,957.2
3612,957.2
3613,957.2
3614,957.2
3615,957.3
3616,957.3
3617,957.3
3618,957.3
3619,957.4
3620,957.4
3621,957.4
3622,957.5
3623,957.5
3624,957.5
3625,957.5
3626,957.6
3627,957.6
3628,957.6
3629,957.7
3630,957.7
3631,957.7
3632,957.7
3633,957.7
3634,957.7
3635,957.7
3636,957.7
3637,957.7
3638,957.8
3639,957.8
3640,957.8
3641,957.8
3642,957.8
3643,957.9
3644,958.0
3645,958.0
3646,958.1
3647,958.1
3648,958.3
3649,958.3
3650,958.3
3651,958.3
3652,958.3
3653,958.3
3654,958.3
3655,958.4
3656,958.4
3657,958.4
3658,958.5
3659,958.5
3660,958.6
3661,958.7
3662,958.7
3663,958.7
3664,958.7
3665,958.7
3666,958.7
3667,958.7
3668,958.7
3669,958.7
3670,958.7
3671,958.7
3672,958.7
3673,958.7
3674,958.8
3675,958.8
3676,958.8
3677,958.8
3678,958.8
3679,959.0
3680,959.0
3681,959.0
3682,959.0
3683,959.0
3684,959.0
3685,959.0
3686,959.0
3687,959.0
3688,959.1
3689,959.2
3690,959.2
3691,959.3
3692,959.4
3693,959.4
3694,959.4
3695,959.4
3696,959.4
3697,959.5
3698,959.5
3699,959.5
3700,959.5
3701,959.6
3702,959.7
3703,959.7
3704,960.0
3705,960.0
3706,960.0
3707,960.0
3708,960.0
3709,960.1
3710,960.2
3711,960.2
3712,960.2
3713,960.2
3714,960.2
3715,960.3
3716,960.3
3717,960.3
3718,960.3
3719,960.4
3720,960.4
3721,960.4
3722,960.5
3723,960.5
3724,960.5
3725,960.5
3726,960.5
3727,960.6
3728,960.6
3729,960.6
3730,960.6
3731,960.7
3732,960.8
3733,960.9
3734,960.9
3735,961.0
3736,961.1
3737,961.0
3738,961.0
3739,961.0
3740,961.0
3741,961.1
3742,961.1
3743,961.1
3744,961.1
3745,961.1
3746,961.2
3747,961.3
3748,961.5
3749,961.5
3750,961.6
3751,961.6
3752,961.7
3753,961.7
3754,961.8
3755,961.8
3756,961.9
3757,961.9
3758,961.9
3759,961.9
3760,961.9
3761,962.0
3762,962.0
3763,962.0
3764,962.0
3765,962.0
3766,962.0
3767,962.0
3768,962.0
3769,962.0
3770,962.1
3771,962.2
3772,962.2
3773,962.3
3774,962.5
3775,962.5
3776,962.6
3777,962.6
3778,962.6
3779,962.6
3780,962.7
3781,962.7
3782,962.7
3783,962.7
3784,962.7
3785,962.7
3786,962.7
3787,962.7
3788,962.7
3789,962.8
3790,962.8
3791,962.8
3792,962.8
3793,962.9
3794,963.1
3795,963.1
3796,963.1
3797,963.2
3798,963.2
3799,963.2
3800,963.2
3801,963.3
3802,963.3
3803,963.4
3804,963.5
3805,963.5
3806,963.6
3807,963.6
3808,963.6
3809,963.8
3810,963.8
3811,963.8
3812,963.8
3813,963.8
3814,963.8
3815,963.8
3816,963.9
3817,963.9
3818,964.0
3819,964.0
3820,964.0
3821,964.1
3822,964.2
3823,964.2
3824,964.3
3825,964.3
3826,964.3
3827,964.3
3828,964.4
3829,964.4
3830,964.4
3831,964.4
3832,964.4
3833,964.6
3834,964.6
3835,964.7
3836,964.8
3837,964.8
3838,964.9
3839,964.9
3840,964.9
3841,964.9
3842,964.9
3843,964.9
3844,964.9
3845,965.0
3846,965.2
3847,965.3
3848,965.4
3849,965.5
3850,965.6
3851,965.6
3852,965.6
3853,965.6
3854,965.8
3855,965.8
3856,965.8
3857,966.0
3858,966.0
3859,966.0
3860,966.1
3861,966.1
3862,966.1
3863,966.2
3864,966.2
3865,966.2
3866,966.2
3867,966.2
3868,966.2
3869,966.3
3870,966.3
3871,966.3
3872,966.6
3873,966.6
3874,966.6
3875,966.6
3876,966.6
3877,966.6
3878,966.6
3879,966.7
3880,966.7
3881,966.7
3882,966.7
3883,966.8
3884,966.8
3885,966.8
3886,966.9
3887,966.9
3888,966.9
3889,966.9
3890,966.9
3891,966.9
3892,966.9
3893,966.9
3894,966.9
3895,967.0
3896,967.1
3897,967.1
3898,967.1
3899,967.1
3900,967.1
3901,967.3
3902,967.4
3903,967.4
3904,967.5
3905,967.6
3906,967.6
3907,967.6
3908,967.7
3909,967.8
3910,967.8
3911,967.8
3912,967.8
3913,967.8
3914,967.9
3915,968.0
3916,968.1
3917,968.1
3918,968.1
3919,968.1
3920,968.1
3921,968.1
3922,968.1
3923,968.1
3924,968.1
3925,968.3
3926,968.3
3927,968.3
3928,968.4
3929,968.5
3930,968.5
3931,968.5
3932,968.5
3933,968.6
3934,968.6
3935,968.7
3936,968.7
3937,968.7
3938,968.7
3939,968.7
3940,968.7
3941,968.8
3942,968.8
3943,968.8
3944,968.8
3945,968.8
3946,968.8
3947,968.8
3948,968.8
3949,968.8
3950,968.9
3951,968.9
3952,968.9
3953,968.9
3954,968.9
3955,969.0
3956,969.0
3957,969.1
3958,969.1
3959,969.1
3960,969.2
3961,969.2
3962,969.2
3963,969.4
3964,969.4
3965,969.4
3966,969.4
3967,969.4
3968,969.4
3969,969.4
3970,969.4
3971,969.4
3972,969.5
3973,969.5
3974,969.5
3975,969.5
3976,969.7
3977,969.7
3978,969.7
3979,969.7
3980,969.7
3981,969.7
3982,969.7
3983,969.7
3984,969.7
3985,969.7
3986,969.7
3987,969.7
3988,969.7
3989,969.7
3990,969.7
3991,969.7
3992,969.8
3993,969.8
3994,969.8
3995,969.8
3996,969.8
3997,969.8
3998,969.9
3999,970.0
4000,970.1
4001,970.1
4002,970.1
4003,970.2
4004,970.2
4005,970.2
4006,970.2
4007,970.2
4008,970.2
4009,970.2
4010,970.2
4011,970.2
4012,970.2
4013,970.3
4014,970.3
4015,970.3
4016,970.3
4017,970.3
4018,970.4
4019,970.4
4020,970.5
4021,970.5
4022,970.5
4023,970.5
4024,970.5
4025,970.5
4026,970.5
4027,970.5
4028,970.5
4029,970.5
4030,970.6
4031,970.6
4032,970.6
4033,970.6
4034,970.6
4035,970.6
4036,970.6
4037,970.6
4038,970.6
4039,970.6
4040,970.6
4041,970.7
4042,970.7
4043,970.7
4044,970.9
4045,970.9
4046,970.9
4047,971.0
4048,971.0
4049,971.1
4050,971.1
4051,971.1
4052,971.1
4053,971.1
4054,971.1
4055,971.1
4056,971.2
4057,971.2
4058,971.2
4059,971.2
4060,971.2
4061,971.2
4062,971.2
4063,971.3
4064,971.3
4065,971.3
4066,971.3
4067,971.3
4068,971.3
4069,971.3
4070,971.3
4071,971.3
4072,971.3
4073,971.3
4074,971.3
4075,971.3
4076,971.3
4077,971.3
4078,971.3
4079,971.3
4080,971.4
4081,971.5
4082,971.5
4083,971.5
4084,971.5
4085,971.5
4086,971.6
4087,971.6
4088,971.6
4089,971.6
4090,971.6
4091,971.6
4092,971.6
4093,971.6
4094,971.7
4095,971.7
4096,971.8
4097,971.8
4098,971.8
4099,971.9
4100,971.9
4101,972.0
4102,972.0
4103,972.0
4104,972.0
4105,972.0
4106,972.1
4107,972.1
4108,972.1
4109,972.1
4110,972.1
4111,972.2
4112,972.2
4113,972.2
4114,972.3
4115,972.3
4116,972.3
4117,972.3
4118,972.3
4119,972.3
4120,972.3
4121,972.4
4122,972.4
4123,972.4
4124,972.4
4125,972.5
4126,972.5
4127,972.6
4128,972.7
4129,972.7
4130,972.8
4131,972.8
4132,972.8
4133,972.8
4134,972.8
4135,972.8
4136,972.8
4137,972.8
4138,972.8
4139,972.8
4140,972.8
4141,972.8
4142,972.8
4143,972.8
4144,972.8
4145,972.8
4146,972.8
4147,972.8
4148,972.8
4149,972.8
4150,972.8
4151,972.9
4152,972.9
4153,972.9
4154,973.1
4155,973.1
4156,973.1
4157,973.1
4158,973.1
4159,973.1
4160,973.2
4161,973.2
4162,973.2
4163,973.2
4164,973.4
4165,973.4
4166,973.4
4167,973.4
4168,973.5
4169,973.5
4170,973.5
4171,973.5
4172,973.5
4173,973.5
4174,973.5
4175,973.5
4176,973.5
4177,973.6
4178,973.6
4179,973.6
4180,973.6
4181,973.7
4182,973.7
4183,973.7
4184,973.7
4185,973.7
4186,973.7
4187,973.7
4188,973.7
4189,973.7
4190,973.7
4191,973.8
4192,973.9
4193,974.0
4194,974.1
4195,974.1
4196,974.2
4197,974.2
4198,974.2
4199,974.2
4200,974.3
4201,974.3
4202,974.3
4203,974.3
4204,974.3
4205,974.3
4206,974.3
4207,974.3
4208,974.4
4209,974.4
4210,974.4
4211,974.5
4212,974.6
4213,974.6
4214,974.5
4215,974.6
4216,974.6
4217,974.7
4218,974.9
4219,974.9
4220,974.9
4221,974.9
4222,974.9
4223,974.9
4224,974.9
4225,975.0
4226,975.0
4227,975.0
4228,975.0
4229,975.0
4230,975.0
4231,975.1
4232,975.1
4233,975.2
4234,975.2
4235,975.2
4236,975.2
4237,975.2
4238,975.2
4239,975.2
4240,975.2
4241,975.2
4242,975.2
4243,975.3
4244,975.3
4245,975.3
4246,975.3
4247,975.3
4248,975.3
4249,975.3
4250,975.3
4251,975.3
4252,975.4
4253,975.4
4254,975.4
4255,975.4
4256,975.4
4257,975.4
4258,975.5
4259,975.5
4260,975.5
4261,975.5
4262,975.5
4263,975.5
4264,975.5
4265,975.5
4266,975.5
4267,975.5
4268,975.5
4269,975.5
4270,975.5
4271,975.6
4272,975.6
4273,975.6
4274,975.6
4275,975.6
4276,975.6
4277,975.6
4278,975.7
4279,975.7
4280,975.7
4281,975.7
4282,975.7
4283,975.8
4284,975.8
4285,975.8
4286,975.8
4287,975.8
4288,975.8
4289,976.0
4290,976.0
4291,976.0
4292,976.0
4293,976.0
4294,976.0
4295,976.0
4296,976.0
4297,976.0
4298,976.0
4299,976.0
4300,976.0
4301,976.0
4302,976.0
4303,976.0
4304,976.0
4305,976.0
4306,976.0
4307,976.0
4308,976.1
4309,976.0
4310,976.0
4311,976.0
4312,976.1
4313,976.2
4314,976.3
4315,976.5
4316,976.5
4317,976.5
4318,976.5
4319,976.5
4320,976.5
4321,976.5
4322,976.5
4323,976.6
4324,976.6
4325,976.6
4326,976.6
4327,976.6
4328,976.6
4329,976.6
4330,976.6
4331,976.6
4332,976.6
4333,976.6
4334,976.6
4335,976.6
4336,976.6
4337,976.7
4338,976.7
4339,976.7
4340,976.7
4341,976.7
4342,976.7
4343,976.7
4344,976.8
4345,976.8
4346,976.8
4347,976.8
4348,976.8
4349,976.8
4350,976.8
4351,976.8
4352,976.8
4353,976.8
4354,976.8
4355,976.8
4356,976.8
4357,976.8
4358,976.8
4359,976.8
4360,976.8
4361,976.8
4362,976.9
4363,976.9
4364,976.9
4365,977.0
4366,977.0
4367,977.0
4368,977.0
4369,977.0
4370,977.0
4371,977.0
4372,977.0
4373,977.0
4374,977.0
4375,977.0
4376,977.0
4377,977.0
4378,977.0
4379,977.0
4380,977.1
4381,977.1
4382,977.1
4383,977.1
4384,977.1
4385,977.1
4386,977.1
4387,977.1
4388,977.1
4389,977.1
4390,977.2
4391,977.2
4392,977.2
4393,977.2
4394,977.2
4395,977.2
4396,977.4
4397,977.4
4398,977.4
4399,977.5
4400,977.5
4401,977.5
4402,977.5
4403,977.5
4404,977.5
4405,977.6
4406,977.6
4407,977.7
4408,977.7
4409,977.7
4410,977.7
4411,977.8
4412,977.8
4413,977.8
4414,977.8
4415,977.9
4416,977.9
4417,977.9
4418,977.9
4419,977.9
4420,977.9
4421,977.9
4422,977.9
4423,977.9
4424,977.9
4425,977.9
4426,977.9
4427,977.9
4428,978.0
4429,978.1
4430,978.1
4431,978.1
4432,978.2
4433,978.2
4434,978.2
4435,978.2
4436,978.4
4437,978.4
4438,978.4
4439,978.4
4440,978.5
4441,978.6
4442,978.6
4443,978.6
4444,978.6
4445,978.6
4446,978.6
4447,978.6
4448,978.6
4449,978.6
4450,978.6
4451,978.6
4452,978.6
4453,978.6
4454,978.6
4455,978.8
4456,978.8
4457,978.8
4458,978.8
4459,978.8
4460,978.8
4461,978.8
4462,978.8
4463,978.9
4464,978.9
4465,978.9
4466,978.9
4467,978.9
4468,978.9
4469,978.9
4470,979.0
4471,979.0
4472,979.1
4473,979.1
4474,979.1
4475,979.1
4476,979.1
4477,979.1
4478,979.1
4479,979.1
4480,979.1
4481,979.1
4482,979.1
4483,979.1
4484,979.1
4485,979.1
4486,979.1
4487,979.1
4488,979.1
4489,979.1
4490,979.1
4491,979.1
4492,979.1
4493,979.1
4494,979.1
4495,979.1
4496,979.2
4497,979.2
4498,979.2
4499,979.2
4500,979.2
4501,979.3
4502,979.3
4503,979.3
4504,979.3
4505,979.3
4506,979.3
4507,979.4
4508,979.4
4509,979.4
4510,979.4
4511,979.4
4512,979.4
4513,979.5
4514,979.6
4515,979.6
4516,979.6
4517,979.6
4518,979.6
4519,979.6
4520,979.6
4521,979.6
4522,979.6
4523,979.6
4524,979.6
4525,979.6
4526,979.7
4527,979.7
4528,979.7
4529,979.8
4530,979.8
4531,979.8
4532,979.9
4533,979.9
4534,979.9
4535,979.9
4536,979.9
4537,979.9
4538,979.9
4539,979.9
4540,979.9
4541,979.9
4542,979.9
4543,979.9
4544,979.9
4545,979.9
4546,979.9
4547,980.0
4548,980.0
4549,980.0
4550,980.0
4551,980.0
4552,980.0
4553,980.1
4554,980.1
4555,980.1
4556,980.1
4557,980.1
4558,980.1
4559,980.2
4560,980.2
4561,980.2
4562,980.3
4563,980.3
4564,980.3
4565,980.3
4566,980.3
4567,980.4
4568,980.4
4569,980.4
4570,980.5
4571,980.5
4572,980.6
4573,980.6
4574,980.7
4575,980.7
4576,980.7
4577,980.7
4578,980.7
4579,980.7
4580,980.7
4581,980.7
4582,980.7
4583,980.7
4584,980.7
4585,980.8
4586,980.8
4587,980.8
4588,980.8
4589,980.8
4590,980.8
4591,980.8
4592,980.8
4593,980.8
4594,980.8
4595,980.8
4596,980.8
4597,980.8
4598,980.8
4599,980.8
4600,980.8
4601,980.8
4602,980.8
4603,980.8
4604,980.8
4605,980.8
4606,980.8
4607,980.8
4608,980.8
4609,980.8
4610,980.8
4611,980.8
4612,980.8
4613,980.9
4614,980.9
4615,980.9
4616,980.9
4617,980.9
4618,981.0
4619,981.0
4620,981.0
4621,981.0
4622,981.1
4623,981.1
4624,981.1
4625,981.1
4626,981.1
4627,981.1
4628,981.1
4629,981.1
4630,981.1
4631,981.2
4632,981.3
4633,981.3
4634,981.3
4635,981.3
4636,981.3
4637,981.3
4638,981.3
4639,981.3
4640,981.4
4641,981.5
4642,981.5
4643,981.5
4644,981.5
4645,981.5
4646,981.5
4647,981.5
4648,981.5
4649,981.5
4650,981.5
4651,981.5
4652,981.5
4653,981.5
4654,981.5
4655,981.5
4656,981.5
4657,981.5
4658,981.5
4659,981.5
4660,981.5
4661,981.5
4662,981.6
4663,981.6
4664,981.6
4665,981.7
4666,981.7
4667,981.7
4668,981.8
4669,981.8
4670,981.8
4671,981.9
4672,981.9
4673,981.9
4674,981.9
4675,981.9
4676,981.9
4677,981.9
4678,982.0
4679,982.0
4680,982.0
4681,982.0
4682,982.0
4683,982.0
4684,982.0
4685,982.0
4686,982.0
4687,982.0
4688,982.0
4689,982.0
4690,982.0
4691,982.0
4692,982.0
4693,982.0
4694,982.0
4695,982.0
4696,982.0
4697,982.0
4698,982.0
4699,982.0
4700,982.0
4701,982.1
4702,982.1
4703,982.1
4704,982.1
4705,982.2
4706,982.2
4707,982.2
4708,982.2
4709,982.2
4710,982.2
4711,982.3
4712,982.3
4713,982.3
4714,982.3
4715,982.3
4716,982.4
4717,982.4
4718,982.4
4719,982.4
4720,982.4
4721,982.4
4722,982.4
4723,982.4
4724,982.4
4725,982.4
4726,982.4
4727,982.4
4728,982.4
4729,982.4
4730,982.4
4731,982.5
4732,982.5
4733,982.5
4734,982.5
4735,982.6
4736,982.6
4737,982.6
4738,982.6
4739,982.6
4740,982.6
4741,982.6
4742,982.6
4743,982.6
4744,982.7
4745,982.7
4746,982.8
4747,982.8
4748,982.8
4749,982.8
4750,982.8
4751,982.9
4752,982.9
4753,982.9
4754,983.0
4755,983.0
4756,983.0
4757,983.0
4758,983.0
4759,983.0
4760,983.1
4761,983.2
4762,983.2
4763,983.2
4764,983.2
4765,983.2
4766,983.2
4767,983.2
4768,983.2
4769,983.2
4770,983.2
4771,983.3
4772,983.3
4773,983.3
4774,983.4
4775,983.4
4776,983.4
4777,983.4
4778,983.4
4779,983.4
4780,983.5
4781,983.5
4782,983.5
4783,983.5
4784,983.5
4785,983.5
4786,983.5
4787,983.5
4788,983.5
4789,983.5
4790,983.6
4791,983.6
4792,983.6
4793,983.7
4794,983.7
4795,983.7
4796,983.8
4797,983.8
4798,983.8
4799,983.8
4800,983.9
4801,983.9
4802,983.9
4803,983.9
4804,983.9
4805,983.9
4806,983.9
4807,983.9
4808,983.9
4809,984.0
4810,984.0
4811,984.0
4812,984.0
4813,984.0
4814,984.0
4815,984.0
4816,984.0
4817,984.1
4818,984.1
4819,984.1
4820,984.1
4821,984.1
4822,984.2
4823,984.2
4824,984.2
4825,984.2
4826,984.2
4827,984.2
4828,984.2
4829,984.2
4830,984.2
4831,984.3
4832,984.3
4833,984.3
4834,984.3
4835,984.3
4836,984.3
4837,984.3
4838,984.3
4839,984.3
4840,984.3
4841,984.3
4842,984.3
4843,984.3
4844,984.3
4845,984.3
4846,984.3
4847,984.3
4848,984.3
4849,984.3
4850,984.3
4851,984.3
4852,984.4
4853,984.4
4854,984.4
4855,984.4
4856,984.4
4857,984.4
4858,984.4
4859,984.4
4860,984.4
4861,984.4
4862,984.4
4863,984.4
4864,984.4
4865,984.4
4866,984.4
4867,984.4
4868,984.4
4869,984.4
4870,984.4
4871,984.4
4872,984.4
4873,984.4
4874,984.4
4875,984.5
4876,984.5
4877,984.5
4878,984.5
4879,984.5
4880,984.5
4881,984.5
4882,984.5
4883,984.5
4884,984.5
4885,984.5
4886,984.5
4887,984.5
4888,984.5
4889,984.5
4890,984.5
4891,984.5
4892,984.5
4893,984.5
4894,984.5
4895,984.5
4896,984.5
4897,984.5
4898,984.5
4899,984.5
4900,984.5
4901,984.6
4902,984.7
4903,984.7
4904,984.7
4905,984.7
4906,984.7
4907,984.7
4908,984.7
4909,984.7
4910,984.7
4911,984.8
4912,984.8
4913,984.9
4914,984.9
4915,984.9
4916,984.9
4917,984.9
4918,984.9
4919,984.9
4920,984.9
4921,984.9
4922,985.0
4923,985.0
4924,985.1
4925,985.1
4926,985.1
4927,985.1
4928,985.1
4929,985.1
4930,985.1
4931,985.1
4932,985.2
4933,985.2
4934,985.2
4935,985.2
4936,985.2
4937,985.2
4938,985.2
4939,985.2
4940,985.2
4941,985.2
4942,985.2
4943,985.2
4944,985.2
4945,985.2
4946,985.2
4947,985.2
4948,985.2
4949,985.2
4950,985.2
4951,985.2
4952,985.3
4953,985.4
4954,985.4
4955,985.4
4956,985.4
4957,985.5
4958,985.5
4959,985.5
4960,985.5
4961,985.5
4962,985.5
4963,985.5
4964,985.5
4965,985.5
4966,985.5
4967,985.5
4968,985.5
4969,985.5
4970,985.5
4971,985.5
4972,985.5
4973,985.5
4974,985.5
4975,985.6
4976,985.6
4977,985.6
4978,985.6
4979,985.6
4980,985.6
4981,985.6
4982,985.6
4983,985.7
4984,985.8
4985,985.8
4986,985.8
4987,985.8
4988,985.8
4989,985.9
4990,986.0
4991,986.0
4992,986.0
4993,986.0
4994,986.0
4995,986.0
4996,986.0
4997,986.0
4998,986.0
4999,986.0
5000,986.0
5001,986.0
5002,986.0
5003,986.0
5004,986.1
5005,986.1
5006,986.1
5007,986.1
5008,986.1
5009,986.1
5010,986.1
5011,986.1
5012,986.1
5013,986.1
5014,986.1
5015,986.1
5016,986.2
5017,986.2
5018,986.3
5019,986.3
5020,986.3
5021,986.3
5022,986.3
5023,986.3
5024,986.3
5025,986.4
5026,986.4
5027,986.4
5028,986.4
5029,986.4
5030,986.4
5031,986.4
5032,986.4
5033,986.5
5034,986.5
5035,986.5
5036,986.5
5037,986.5
5038,986.6
5039,986.6
5040,986.6
5041,986.6
5042,986.6
5043,986.8
5044,986.8
5045,986.8
5046,986.8
5047,986.8
5048,986.8
5049,986.8
5050,986.8
5051,986.8
5052,986.8
5053,986.8
5054,986.8
5055,986.8
5056,986.8
5057,986.8
5058,986.8
5059,986.8
5060,986.8
5061,986.9
5062,986.9
5063,986.9
5064,986.9
5065,986.9
5066,986.9
5067,987.0
5068,987.0
5069,987.0
5070,987.0
5071,987.0
5072,987.0
5073,987.0
5074,987.0
5075,987.0
5076,987.0
5077,987.1
5078,987.1
5079,987.2
5080,987.2
5081,987.2
5082,987.2
5083,987.2
5084,987.2
5085,987.3
5086,987.3
5087,987.3
5088,987.3
5089,987.3
5090,987.3
5091,987.3
5092,987.3
5093,987.3
5094,987.3
5095,987.3
5096,987.4
5097,987.4
5098,987.5
5099,987.5
5100,987.5
5101,987.6
5102,987.6
5103,987.6
5104,987.6
5105,987.6
5106,987.6
5107,987.6
5108,987.6
5109,987.7
5110,987.7
5111,987.7
5112,987.7
5113,987.7
5114,987.7
5115,987.7
5116,987.7
5117,987.7
5118,987.7
5119,987.7
5120,987.7
5121,987.7
5122,987.7
5123,987.7
5124,987.7
5125,987.7
5126,987.7
5127,987.7
5128,987.7
5129,987.7
5130,987.7
5131,987.7
5132,987.7
5133,987.7
5134,987.7
5135,987.7
5136,987.7
5137,987.7
5138,987.7
5139,987.7
5140,987.7
5141,987.8
5142,987.8
5143,987.8
5144,987.8
5145,987.8
5146,987.8
5147,987.8
5148,987.8
5149,987.9
5150,988.0
5151,988.0
5152,988.0
5153,988.1
5154,988.2
5155,988.2
5156,988.2
5157,988.2
5158,988.2
5159,988.2
5160,988.2
5161,988.2
5162,988.2
5163,988.2
5164,988.2
5165,988.2
5166,988.2
5167,988.2
5168,988.2
5169,988.2
5170,988.2
5171,988.2
5172,988.2
5173,988.2
5174,988.2
5175,988.2
5176,988.2
5177,988.2
5178,988.3
5179,988.3
5180,988.3
5181,988.3
5182,988.3
5183,988.3
5184,988.3
5185,988.3
5186,988.4
5187,988.4
5188,988.4
5189,988.4
5190,988.4
5191,988.4
5192,988.4
5193,988.4
5194,988.4
5195,988.4
5196,988.4
5197,988.4
5198,988.4
5199,988.4
5200,988.4
5201,988.4
5202,988.4
5203,988.4
5204,988.4
5205,988.5
5206,988.5
5207,988.5
5208,988.5
5209,988.5
5210,988.5
5211,988.5
5212,988.6
5213,988.6
5214,988.6
5215,988.6
5216,988.7
5217,988.8
5218,988.9
5219,988.9
5220,988.9
5221,988.9
5222,988.9
5223,988.9
5224,988.9
5225,988.9
5226,988.9
5227,989.0
5228,989.1
5229,989.1
5230,989.1
5231,989.1
5232,989.1
5233,989.1
5234,989.1
5235,989.1
5236,989.1
5237,989.1
5238,989.1
5239,989.1
5240,989.1
5241,989.1
5242,989.1
5243,989.2
5244,989.2
5245,989.3
5246,989.3
5247,989.3
5248,989.4
5249,989.4
5250,989.4
5251,989.5
5252,989.5
5253,989.6
5254,989.6
5255,989.6
5256,989.6
5257,989.6
5258,989.6
5259,989.6
5260,989.6
5261,989.6
5262,989.7
5263,989.7
5264,989.8
5265,989.8
5266,989.8
5267,989.8
5268,989.9
5269,990.0
5270,990.0
5271,990.0
5272,990.0
5273,990.0
5274,990.0
5275,990.0
5276,990.0
5277,990.0
5278,990.0
5279,990.0
5280,990.0
5281,990.0
5282,990.0
5283,990.0
5284,990.0
5285,990.0
5286,990.0
5287,990.0
5288,990.0
5289,990.1
5290,990.1
5291,990.1
5292,990.1
5293,990.1
5294,990.1
5295,990.1
5296,990.1
5297,990.1
5298,990.1
5299,990.1
5300,990.1
5301,990.2
5302,990.2
5303,990.2
5304,990.3
5305,990.3
5306,990.3
5307,990.3
5308,990.3
5309,990.3
5310,990.3
5311,990.3
5312,990.3
5313,990.3
5314,990.3
5315,990.3
5316,990.4
5317,990.4
5318,990.4
5319,990.4
5320,990.4
5321,990.4
5322,990.4
5323,990.4
5324,990.4
5325,990.4
5326,990.4
5327,990.4
5328,990.5
5329,990.5
5330,990.5
5331,990.6
5332,990.6
5333,990.6
5334,990.6
5335,990.6
5336,990.6
5337,990.7
5338,990.7
5339,990.7
5340,990.7
5341,990.7
5342,990.7
5343,990.7
5344,990.7
5345,990.7
5346,990.7
5347,990.7
5348,990.7
5349,990.7
5350,990.7
5351,990.7
5352,990.7
5353,990.7
5354,990.7
5355,990.7
5356,990.7
5357,990.7
5358,990.7
5359,990.7
5360,990.7
5361,990.7
5362,990.7
5363,990.7
5364,990.7
5365,990.7
5366,990.8
5367,990.8
5368,990.8
5369,990.8
5370,990.8
5371,990.8
5372,990.8
5373,990.8
5374,990.8
5375,990.8
5376,990.8
5377,990.8
5378,990.8
5379,990.8
5380,990.8
5381,990.9
5382,990.9
5383,990.9
5384,991.0
5385,991.0
5386,991.0
5387,991.0
5388,991.0
5389,991.0
5390,991.0
5391,991.0
5392,991.0
5393,991.1
5394,991.1
5395,991.1
5396,991.1
5397,991.1
5398,991.1
5399,991.1
5400,991.1
5401,991.1
5402,991.1
5403,991.1
5404,991.1
5405,991.1
5406,991.1
5407,991.1
5408,991.1
5409,991.1
5410,991.1
5411,991.1
5412,991.1
5413,991.1
5414,991.1
5415,991.1
5416,991.1
5417,991.1
5418,991.1
5419,991.1
5420,991.1
5421,991.1
5422,991.1
5423,991.1
5424,991.1
5425,991.1
5426,991.1
5427,991.1
5428,991.1
5429,991.1
5430,991.1
5431,991.1
5432,991.1
5433,991.1
5434,991.1
5435,991.2
5436,991.2
5437,991.2
5438,991.2
5439,991.2
5440,991.2
5441,991.2
5442,991.2
5443,991.2
5444,991.2
5445,991.3
5446,991.3
5447,991.3
5448,991.3
5449,991.3
5450,991.3
5451,991.3
5452,991.3
5453,991.3
5454,991.3
5455,991.3
5456,991.3
5457,991.3
5458,991.3
5459,991.3
5460,991.3
5461,991.3
5462,991.3
5463,991.3
5464,991.3
5465,991.3
5466,991.3
5467,991.3
5468,991.3
5469,991.3
5470,991.3
5471,991.3
5472,991.3
5473,991.3
5474,991.3
5475,991.3
5476,991.3
5477,991.3
5478,991.3
5479,991.3
5480,991.3
5481,991.3
5482,991.3
5483,991.3
5484,991.3
5485,991.3
5486,991.3
5487,991.3
5488,991.3
5489,991.3
5490,991.3
5491,991.3
5492,991.3
5493,991.3
5494,991.3
5495,991.3
5496,991.3
5497,991.3
5498,991.3
5499,991.3
5500,991.3
5501,991.3
5502,991.3
5503,991.3
5504,991.3
5505,991.3
5506,991.3
5507,991.3
5508,991.3
5509,991.3
5510,991.3
5511,991.3
5512,991.3
5513,991.3
5514,991.3
5515,991.3
5516,991.3
5517,991.3
5518,991.5
5519,991.5
5520,991.5
5521,991.5
5522,991.5
5523,991.5
5524,991.5
5525,991.5
5526,991.6
5527,991.7
5528,991.7
5529,991.7
5530,991.7
5531,991.7
5532,991.7
5533,991.8
5534,991.8
5535,991.8
5536,991.8
5537,991.8
5538,991.8
5539,991.8
5540,991.8
5541,991.8
5542,991.8
5543,991.8
5544,991.9
5545,991.9
5546,991.9
5547,991.9
5548,991.9
5549,991.9
5550,991.9
5551,991.9
5552,992.0
5553,992.0
5554,992.0
5555,992.0
5556,992.0
5557,992.0
5558,992.0
5559,992.0
5560,992.0
5561,992.0
5562,992.0
5563,992.0
5564,992.0
5565,992.0
5566,992.0
5567,992.0
5568,992.0
5569,992.0
5570,992.0
5571,992.0
5572,992.0
5573,992.0
5574,992.0
5575,992.0
5576,992.0
5577,992.0
5578,992.0
5579,992.0
5580,992.0
5581,992.0
5582,992.0
5583,992.1
5584,992.1
5585,992.1
5586,992.1
5587,992.1
5588,992.1
5589,992.1
5590,992.1
5591,992.1
5592,992.1
5593,992.2
5594,992.2
5595,992.2
5596,992.2
5597,992.2
5598,992.2
5599,992.2
5600,992.4
5601,992.4
5602,992.4
5603,992.4
5604,992.5
5605,992.5
5606,992.5
5607,992.5
5608,992.5
5609,992.5
5610,992.5
5611,992.5
5612,992.5
5613,992.5
5614,992.5
5615,992.5
5616,992.5
5617,992.5
5618,992.5
5619,992.5
5620,992.5
5621,992.5
5622,992.5
5623,992.5
5624,992.5
5625,992.5
5626,992.6
5627,992.6
5628,992.6
5629,992.6
5630,992.6
5631,992.6
5632,992.6
5633,992.6
5634,992.6
5635,992.6
5636,992.6
5637,992.6
5638,992.7
5639,992.7
5640,992.7
5641,992.7
5642,992.7
5643,992.7
5644,992.7
5645,992.7
5646,992.7
5647,992.7
5648,992.7
5649,992.7
5650,992.7
5651,992.7
5652,992.7
5653,992.7
5654,992.7
5655,992.7
5656,992.7
5657,992.7
5658,992.7
5659,992.7
5660,992.7
5661,992.7
5662,992.7
5663,992.7
5664,992.7
5665,992.7
5666,992.8
5667,992.8
5668,992.8
5669,992.8
5670,992.8
5671,992.8
5672,992.8
5673,992.8
5674,992.8
5675,992.8
5676,992.8
5677,992.8
5678,992.8
5679,992.8
5680,992.8
5681,992.8
5682,992.8
5683,992.8
5684,992.8
5685,992.8
5686,992.8
5687,992.8
5688,992.8
5689,992.8
5690,992.8
5691,992.8
5692,992.8
5693,992.8
5694,992.8
5695,992.8
5696,992.8
5697,992.8
5698,992.8
5699,992.8
5700,992.8
5701,992.8
5702,992.8
5703,992.8
5704,992.9
5705,992.9
5706,992.9
5707,993.0
5708,993.0
5709,993.0
5710,993.0
5711,993.0
5712,993.0
5713,993.0
5714,993.0
5715,993.0
5716,993.0
5717,993.0
5718,993.0
5719,993.0
5720,993.0
5721,993.0
5722,993.0
5723,993.0
5724,993.0
5725,993.0
5726,993.0
5727,993.0
5728,993.0
5729,993.0
5730,993.0
5731,993.0
5732,993.0
5733,993.0
5734,993.0
5735,993.0
5736,993.0
5737,993.0
5738,993.0
5739,993.0
5740,993.0
5741,993.0
5742,993.0
5743,993.0
5744,993.0
5745,993.0
5746,993.0
5747,993.1
5748,993.1
5749,993.1
5750,993.1
5751,993.1
5752,993.1
5753,993.1
5754,993.1
5755,993.1
5756,993.1
5757,993.1
5758,993.1
5759,993.1
5760,993.1
5761,993.1
5762,993.1
5763,993.1
5764,993.1
5765,993.1
5766,993.1
5767,993.1
5768,993.1
5769,993.1
5770,993.1
5771,993.1
5772,993.1
5773,993.1
5774,993.1
5775,993.1
5776,993.1
5777,993.1
5778,993.1
5779,993.1
5780,993.1
5781,993.1
5782,993.1
5783,993.1
5784,993.1
5785,993.1
5786,993.1
5787,993.1
5788,993.1
5789,993.1
5790,993.1
5791,993.2
5792,993.2
5793,993.2
5794,993.2
5795,993.2
5796,993.2
5797,993.2
5798,993.2
5799,993.2
5800,993.2
5801,993.2
5802,993.2
5803,993.2
5804,993.2
5805,993.2
5806,993.2
5807,993.2
5808,993.2
5809,993.2
5810,993.2
5811,993.2
5812,993.2
5813,993.2
5814,993.2
5815,993.2
5816,993.2
5817,993.2
5818,993.2
5819,993.2
5820,993.2
5821,993.2
5822,993.2
5823,993.2
5824,993.2
5825,993.2
5826,993.2
5827,993.2
5828,993.2
5829,993.2
5830,993.2
5831,993.2
5832,993.2
5833,993.2
5834,993.2
5835,993.2
5836,993.2
5837,993.2
5838,993.2
5839,993.2
5840,993.2
5841,993.2
5842,993.2
5843,993.2
5844,993.2
5845,993.2
5846,993.2
5847,993.2
5848,993.2
5849,993.2
5850,993.2
5851,993.2
5852,993.2
5853,993.2
5854,993.2
5855,993.2
5856,993.2
5857,993.2
5858,993.2
5859,993.2
5860,993.2
5861,993.2
5862,993.2
5863,993.2
5864,993.2
5865,993.2
5866,993.2
5867,993.2
5868,993.2
5869,993.2
5870,993.2
5871,993.2
5872,993.2
5873,993.2
5874,993.2
5875,993.2
5876,993.2
5877,993.2
5878,993.2
5879,993.2
5880,993.2
5881,993.2
5882,993.2
5883,993.2
5884,993.2
5885,993.2
5886,993.2
5887,993.2
5888,993.2
5889,993.2
5890,993.2
5891,993.2
5892,993.2
5893,993.2
5894,993.2
5895,993.2
5896,993.2
5897,993.2
5898,993.2
5899,993.2
5900,993.2
5901,993.2
5902,993.2
5903,993.2
5904,993.2
5905,993.2
5906,993.2
5907,993.2
5908,993.2
5909,993.2
5910,993.2
5911,993.2
5912,993.2
5913,993.3
5914,993.3
5915,993.3
5916,993.4
5917,993.4
5918,993.4
5919,993.4
5920,993.4
5921,993.4
5922,993.4
5923,993.4
5924,993.4
5925,993.4
5926,993.4
5927,993.4
5928,993.4
5929,993.4
5930,993.4
5931,993.4
5932,993.4
5933,993.4
5934,993.4
5935,993.4
5936,993.4
5937,993.4
5938,993.4
5939,993.4
5940,993.4
5941,993.4
5942,993.4
5943,993.4
5944,993.4
5945,993.4
5946,993.4
5947,993.4
5948,993.5
5949,993.5
5950,993.5
5951,993.5
5952,993.5
5953,993.5
5954,993.5
5955,993.5
5956,993.5
5957,993.5
5958,993.5
5959,993.5
5960,993.5
5961,993.5
5962,993.6
5963,993.6
5964,993.6
5965,993.6
5966,993.6
5967,993.6
5968,993.6
5969,993.6
5970,993.6
5971,993.6
5972,993.6
5973,993.6
5974,993.6
5975,993.6
5976,993.6
5977,993.6
5978,993.6
5979,993.6
5980,993.6
5981,993.6
5982,993.6
5983,993.6
5984,993.6
5985,993.6
5986,993.6
5987,993.6
5988,993.6
5989,993.6
5990,993.6
5991,993.6
5992,993.7
5993,993.7
5994,993.7
5995,993.7
5996,993.7
5997,993.7
5998,993.7
5999,993.7
6000,993.7
6001,993.7
6002,993.7
6003,993.7
6004,993.7
6005,993.7
6006,993.7
6007,993.8
6008,993.8
6009,993.8
6010,993.8
6011,993.9
6012,993.9
6013,993.9
6014,993.9
6015,994.0
6016,994.1
6017,994.1
6018,994.1
6019,994.1
6020,994.1
6021,994.1
6022,994.1
6023,994.2
6024,994.2
6025,994.2
6026,994.2
6027,994.2
6028,994.2
6029,994.2
6030,994.2
6031,994.2
6032,994.2
6033,994.2
6034,994.2
6035,994.2
6036,994.2
6037,994.2
6038,994.2
6039,994.2
6040,994.2
6041,994.2
6042,994.2
6043,994.2
6044,994.2
6045,994.2
6046,994.2
6047,994.2
6048,994.2
6049,994.2
6050,994.2
6051,994.2
6052,994.2
6053,994.2
6054,994.3
6055,994.3
6056,994.3
6057,994.3
6058,994.3
6059,994.3
6060,994.3
6061,994.3
6062,994.3
6063,994.3
6064,994.3
6065,994.4
6066,994.4
6067,994.4
6068,994.4
6069,994.4
6070,994.4
6071,994.4
6072,994.4
6073,994.4
6074,994.4
6075,994.4
6076,994.4
6077,994.4
6078,994.4
6079,994.4
6080,994.4
6081,994.4
6082,994.4
6083,994.4
6084,994.4
6085,994.4
6086,994.4
6087,994.4
6088,994.4
6089,994.4
6090,994.4
6091,994.4
6092,994.4
6093,994.4
6094,994.4
6095,994.4
6096,994.4
6097,994.4
6098,994.4
6099,994.4
6100,994.5
6101,994.5
6102,994.5
6103,994.5
6104,994.5
6105,994.5
6106,994.5
6107,994.5
6108,994.5
6109,994.5
6110,994.5
6111,994.5
6112,994.5
6113,994.5
6114,994.5
6115,994.5
6116,994.5
6117,994.5
6118,994.6
6119,994.6
6120,994.6
6121,994.6
6122,994.6
6123,994.6
6124,994.6
6125,994.6
6126,994.6
6127,994.6
6128,994.6
6129,994.6
6130,994.6
6131,994.6
6132,994.6
6133,994.6
6134,994.6
6135,994.6
6136,994.6
6137,994.6
6138,994.6
6139,994.6
6140,994.6
6141,994.6
6142,994.6
6143,994.6
6144,994.6
6145,994.6
6146,994.6
6147,994.6
6148,994.6
6149,994.6
6150,994.6
6151,994.6
6152,994.6
6153,994.6
6154,994.6
6155,994.6
6156,994.6
6157,994.6
6158,994.6
6159,994.6
6160,994.6
6161,994.6
6162,994.6
6163,994.6
6164,994.6
6165,994.6
6166,994.6
6167,994.6
6168,994.6
6169,994.6
6170,994.6
6171,994.6
6172,994.6
6173,994.6
6174,994.6
6175,994.6
6176,994.6
6177,994.6
6178,994.7
6179,994.7
6180,994.7
6181,994.7
6182,994.7
6183,994.7
6184,994.7
6185,994.7
6186,994.7
6187,994.7
6188,994.7
6189,994.7
6190,994.7
6191,994.7
6192,994.8
6193,994.8
6194,994.8
6195,994.8
6196,994.8
6197,994.8
6198,994.9
6199,994.9
6200,994.9
6201,994.9
6202,994.9
6203,994.9
6204,994.9
6205,994.9
6206,994.9
6207,994.9
6208,994.9
6209,994.9
6210,994.9
6211,994.9
6212,994.9
6213,994.9
6214,994.9
6215,994.9
6216,994.9
6217,994.9
6218,995.0
6219,995.0
6220,995.0
6221,995.0
6222,995.0
6223,995.0
6224,995.0
6225,995.0
6226,995.0
6227,995.0
6228,995.0
6229,995.0
6230,995.0
6231,995.1
6232,995.1
6233,995.1
6234,995.1
6235,995.1
6236,995.1
6237,995.1
6238,995.1
6239,995.1
6240,995.2
6241,995.2
6242,995.2
6243,995.2
6244,995.2
6245,995.2
6246,995.3
6247,995.3
6248,995.3
6249,995.3
6250,995.3
6251,995.3
6252,995.3
6253,995.3
6254,995.3
6255,995.3
6256,995.3
6257,995.3
6258,995.3
6259,995.3
6260,995.3
6261,995.3
6262,995.3
6263,995.3
6264,995.3
6265,995.3
6266,995.3
6267,995.3
6268,995.3
6269,995.3
6270,995.3
6271,995.3
6272,995.3
6273,995.3
6274,995.3
6275,995.3
6276,995.3
6277,995.3
6278,995.3
6279,995.3
6280,995.3
6281,995.3
6282,995.3
6283,995.3
6284,995.3
6285,995.3
6286,995.3
6287,995.3
6288,995.3
6289,995.3
6290,995.3
6291,995.3
6292,995.3
6293,995.3
6294,995.3
6295,995.3
6296,995.3
6297,995.3
6298,995.3
6299,995.3
6300,995.4
6301,995.4
6302,995.4
6303,995.4
6304,995.4
6305,995.4
6306,995.4
6307,995.4
6308,995.4
6309,995.4
6310,995.4
6311,995.4
6312,995.4
6313,995.4
6314,995.4
6315,995.4
6316,995.4
6317,995.4
6318,995.4
6319,995.4
6320,995.4
6321,995.4
6322,995.4
6323,995.4
6324,995.4
6325,995.4
6326,995.4
6327,995.4
6328,995.4
6329,995.4
6330,995.4
6331,995.4
6332,995.4
6333,995.4
6334,995.4
6335,995.4
6336,995.4
6337,995.4
6338,995.4
6339,995.4
6340,995.4
6341,995.4
6342,995.4
6343,995.4
6344,995.4
6345,995.4
6346,995.4
6347,995.5
6348,995.5
6349,995.5
6350,995.5
6351,995.5
6352,995.5
6353,995.5
6354,995.6
6355,995.6
6356,995.6
6357,995.6
6358,995.6
6359,995.6
6360,995.6
6361,995.6
6362,995.6
6363,995.6
6364,995.6
6365,995.6
6366,995.6
6367,995.6
6368,995.6
6369,995.6
6370,995.6
6371,995.6
6372,995.6
6373,995.6
6374,995.6
6375,995.6
6376,995.6
6377,995.6
6378,995.6
6379,995.6
6380,995.7
6381,995.7
6382,995.8
6383,995.8
6384,995.9
6385,995.9
6386,995.9
6387,995.9
6388,995.9
6389,995.9
6390,995.9
6391,995.9
6392,995.9
6393,996.0
6394,996.0
6395,996.0
6396,996.0
6397,996.0
6398,996.0
6399,996.0
6400,996.0
6401,996.0
6402,996.0
6403,996.0
6404,996.0
6405,996.0
6406,996.0
6407,996.1
6408,996.1
6409,996.1
6410,996.1
6411,996.1
6412,996.1
6413,996.2
6414,996.2
6415,996.2
6416,996.2
6417,996.2
6418,996.3
6419,996.3
6420,996.3
6421,996.3
6422,996.3
6423,996.3
6424,996.3
6425,996.3
6426,996.3
6427,996.3
6428,996.3
6429,996.3
6430,996.3
6431,996.3
6432,996.3
6433,996.3
6434,996.3
6435,996.3
6436,996.3
6437,996.3
6438,996.3
6439,996.3
6440,996.3
6441,996.3
6442,996.3
6443,996.4
6444,996.4
6445,996.4
6446,996.4
6447,996.4
6448,996.4
6449,996.4
6450,996.4
6451,996.4
6452,996.4
6453,996.4
6454,996.4
6455,996.4
6456,996.4
6457,996.4
6458,996.4
6459,996.4
6460,996.4
6461,996.4
6462,996.4
6463,996.4
6464,996.4
6465,996.4
6466,996.4
6467,996.5
6468,996.5
6469,996.5
6470,996.5
6471,996.5
6472,996.5
6473,996.5
6474,996.5
6475,996.5
6476,996.5
6477,996.5
6478,996.5
6479,996.5
6480,996.5
6481,996.5
6482,996.5
6483,996.5
6484,996.5
6485,996.5
6486,996.5
6487,996.6
6488,996.6
6489,996.6
6490,996.6
6491,996.6
6492,996.6
6493,996.6
6494,996.6
6495,996.6
6496,996.6
6497,996.6
6498,996.6
6499,996.6
6500,996.6
6501,996.6
6502,996.6
6503,996.6
6504,996.6
6505,996.6
6506,996.6
6507,996.6
6508,996.6
6509,996.6
6510,996.6
6511,996.6
6512,996.7
6513,996.7
6514,996.7
6515,996.7
6516,996.7
6517,996.7
6518,996.7
6519,996.7
6520,996.7
6521,996.7
6522,996.7
6523,996.7
6524,996.7
6525,996.7
6526,996.7
6527,996.7
6528,996.7
6529,996.7
6530,996.7
6531,996.7
6532,996.7
6533,996.7
6534,996.7
6535,996.7
6536,996.7
6537,996.7
6538,996.7
6539,996.7
6540,996.7
6541,996.7
6542,996.7
6543,996.7
6544,996.7
6545,996.7
6546,996.7
6547,996.7
6548,996.7
6549,996.7
6550,996.7
6551,996.7
6552,996.7
6553,996.7
6554,996.8
6555,996.8
6556,996.8
6557,996.8
6558,996.8
6559,996.8
6560,996.8
6561,996.8
6562,996.8
6563,996.8
6564,996.8
6565,996.8
6566,996.8
6567,996.8
6568,996.8
6569,996.8
6570,996.8
6571,996.8
6572,996.8
6573,996.8
6574,996.8
6575,996.8
6576,996.8
6577,996.8
6578,996.8
6579,996.8
6580,996.8
6581,996.8
6582,996.8
6583,996.8
6584,996.8
6585,996.8
6586,996.8
6587,996.8
6588,996.8
6589,996.8
6590,996.8
6591,996.8
6592,996.8
6593,996.8
6594,996.8
6595,996.8
6596,996.8
6597,996.8
6598,996.8
6599,996.8
6600,996.8
6601,996.8
6602,996.8
6603,996.8
6604,996.8
6605,996.8
6606,996.8
6607,996.8
6608,996.8
6609,996.8
6610,996.8
6611,996.8
6612,996.8
6613,996.8
6614,996.8
6615,996.8
6616,996.8
6617,996.8
6618,996.8
6619,996.8
6620,996.8
6621,996.8
6622,996.9
6623,996.9
6624,996.9
6625,996.9
6626,996.9
6627,996.9
6628,996.9
6629,996.9
6630,996.9
6631,996.9
6632,996.9
6633,996.9
6634,996.9
6635,996.9
6636,996.9
6637,996.9
6638,996.9
6639,996.9
6640,996.9
6641,996.9
6642,996.9
6643,996.9
6644,996.9
6645,996.9
6646,996.9
6647,996.9
6648,996.9
6649,996.9
6650,996.9
6651,996.9
6652,996.9
6653,996.9
6654,996.9
6655,996.9
6656,996.9
6657,996.9
6658,996.9
6659,996.9
6660,996.9
6661,997.0
6662,997.0
6663,997.0
6664,997.0
6665,997.0
6666,997.0
6667,997.0
6668,997.0
6669,997.0
6670,997.0
6671,997.0
6672,997.0
6673,997.0
6674,997.0
6675,997.0
6676,997.0
6677,997.0
6678,997.0
6679,997.0
6680,997.0
6681,997.0
6682,997.0
6683,997.0
6684,997.0
6685,997.0
6686,997.0
6687,997.0
6688,997.0
6689,997.0
6690,997.0
6691,997.0
6692,997.0
6693,997.0
6694,997.0
6695,997.0
6696,997.0
6697,997.0
6698,997.1
6699,997.1
6700,997.1
6701,997.1
6702,997.1
6703,997.1
6704,997.1
6705,997.1
6706,997.1
6707,997.1
6708,997.1
6709,997.1
6710,997.1
6711,997.1
6712,997.1
6713,997.1
6714,997.1
6715,997.1
6716,997.1
6717,997.1
6718,997.1
6719,997.1
6720,997.1
6721,997.1
6722,997.1
6723,997.1
6724,997.1
6725,997.1
6726,997.1
6727,997.1
6728,997.1
6729,997.1
6730,997.1
6731,997.1
6732,997.1
6733,997.2
6734,997.2
6735,997.3
6736,997.3
6737,997.3
6738,997.3
6739,997.3
6740,997.3
6741,997.3
6742,997.3
6743,997.3
6744,997.3
6745,997.3
6746,997.3
6747,997.3
6748,997.3
6749,997.3
6750,997.3
6751,997.3
6752,997.3
6753,997.3
6754,997.3
6755,997.3
6756,997.4
6757,997.4
6758,997.4
6759,997.4
6760,997.4
6761,997.5
6762,997.5
6763,997.5
6764,997.5
6765,997.5
6766,997.5
6767,997.5
6768,997.5
6769,997.5
6770,997.5
6771,997.5
6772,997.5
6773,997.5
6774,997.5
6775,997.5
6776,997.5
6777,997.5
6778,997.5
6779,997.5
6780,997.5
6781,997.5
6782,997.5
6783,997.5
6784,997.5
6785,997.5
6786,997.6
6787,997.6
6788,997.6
6789,997.6
6790,997.6
6791,997.7
6792,997.7
6793,997.7
6794,997.7
6795,997.7
6796,997.7
6797,997.7
6798,997.7
6799,997.7
6800,997.7
6801,997.7
6802,997.7
6803,997.7
6804,997.7
6805,997.7
6806,997.7
6807,997.7
6808,997.7
6809,997.7
6810,997.7
6811,997.7
6812,997.7
6813,997.7
6814,997.7
6815,997.7
6816,997.7
6817,997.7
6818,997.7
6819,997.7
6820,997.7
6821,997.7
6822,997.7
6823,997.7
6824,997.7
6825,997.7
6826,997.8
6827,997.8
6828,997.8
6829,997.8
6830,997.8
6831,997.8
6832,997.8
6833,997.8
6834,997.8
6835,997.8
6836,997.8
6837,997.8
6838,997.8
6839,997.8
6840,997.8
6841,997.8
6842,997.8
6843,997.8
6844,997.8
6845,997.8
6846,997.8
6847,997.8
6848,997.8
6849,997.8
6850,997.8
6851,997.8
6852,997.8
6853,997.8
6854,997.8
6855,997.8
6856,997.8
6857,997.8
6858,997.8
6859,997.8
6860,997.8
6861,997.8
6862,997.8
6863,997.8
6864,997.8
6865,997.8
6866,997.8
6867,997.8
6868,997.8
6869,997.8
6870,997.8
6871,997.8
6872,997.8
6873,997.8
6874,997.9
6875,997.9
6876,997.9
6877,997.9
6878,997.9
6879,997.9
6880,997.9
6881,997.9
6882,997.9
6883,997.9
6884,997.9
6885,997.9
6886,997.9
6887,997.9
6888,997.9
6889,997.9
6890,997.9
6891,997.9
6892,997.9
6893,997.9
6894,997.9
6895,997.9
6896,997.9
6897,997.9
6898,997.9
6899,997.9
6900,997.9
6901,997.9
6902,997.9
6903,997.9
6904,997.9
6905,997.9
6906,997.9
6907,997.9
6908,997.9
6909,998.0
6910,998.0
6911,998.0
6912,998.0
6913,998.0
6914,998.0
6915,998.0
6916,998.0
6917,998.0
6918,998.0
6919,998.0
6920,998.0
6921,998.0
6922,998.0
6923,998.0
6924,998.0
6925,998.0
6926,998.0
6927,998.0
6928,998.0
6929,998.0
6930,998.0
6931,998.0
6932,998.0
6933,998.0
6934,998.0
6935,998.0
6936,998.1
6937,998.1
6938,998.1
6939,998.1
6940,998.1
6941,998.1
6942,998.1
6943,998.1
6944,998.1
6945,998.1
6946,998.1
6947,998.1
6948,998.1
6949,998.1
6950,998.1
6951,998.1
6952,998.1
6953,998.1
6954,998.1
6955,998.1
6956,998.1
6957,998.1
6958,998.1
6959,998.1
6960,998.1
6961,998.1
6962,998.1
6963,998.1
6964,998.1
6965,998.1
6966,998.1
6967,998.1
6968,998.1
6969,998.1
6970,998.1
6971,998.1
6972,998.1
6973,998.1
6974,998.1
6975,998.1
6976,998.1
6977,998.1
6978,998.1
6979,998.1
6980,998.1
6981,998.1
6982,998.1
6983,998.1
6984,998.1
6985,998.1
6986,998.1
6987,998.1
6988,998.1
6989,998.1
6990,998.1
6991,998.1
6992,998.1
6993,998.1
6994,998.1
6995,998.1
6996,998.1
6997,998.1
6998,998.1
6999,998.1
7000,998.1
7001,998.1
7002,998.1
7003,998.1
7004,998.1
7005,998.1
7006,998.1
7007,998.1
7008,998.1
7009,998.1
7010,998.1
7011,998.1
7012,998.1
7013,998.1
7014,998.1
7015,998.1
7016,998.1
7017,998.1
7018,998.1
7019,998.1
7020,998.1
7021,998.1
7022,998.1
7023,998.1
7024,998.1
7025,998.1
7026,998.1
7027,998.1
7028,998.1
7029,998.1
7030,998.1
7031,998.1
7032,998.1
7033,998.1
7034,998.1
7035,998.1
7036,998.2
7037,998.2
7038,998.2
7039,998.2
7040,998.2
7041,998.2
7042,998.2
7043,998.2
7044,998.2
7045,998.2
7046,998.2
7047,998.2
7048,998.2
7049,998.2
7050,998.2
7051,998.2
7052,998.2
7053,998.2
7054,998.2
7055,998.2
7056,998.2
7057,998.2
7058,998.2
7059,998.2
7060,998.2
7061,998.2
7062,998.2
7063,998.2
7064,998.2
7065,998.2
7066,998.3
7067,998.3
7068,998.3
7069,998.3
7070,998.3
7071,998.3
7072,998.3
7073,998.3
7074,998.3
7075,998.3
7076,998.3
7077,998.3
7078,998.3
7079,998.3
7080,998.4
7081,998.4
7082,998.4
7083,998.4
7084,998.4
7085,998.4
7086,998.4
7087,998.4
7088,998.4
7089,998.4
7090,998.4
7091,998.4
7092,998.4
7093,998.4
7094,998.4
7095,998.4
7096,998.4
7097,998.4
7098,998.4
7099,998.4
7100,998.4
7101,998.4
7102,998.4
7103,998.4
7104,998.4
7105,998.4
7106,998.4
7107,998.4
7108,998.4
7109,998.4
7110,998.4
7111,998.4
7112,998.4
7113,998.4
7114,998.4
7115,998.4
7116,998.4
7117,998.4
7118,998.4
7119,998.4
7120,998.4
7121,998.4
7122,998.4
7123,998.4
7124,998.4
7125,998.4
7126,998.4
7127,998.4
7128,998.4
7129,998.4
7130,998.4
7131,998.4
7132,998.4
7133,998.4
7134,998.4
7135,998.4
7136,998.4
7137,998.4
7138,998.4
7139,998.4
7140,998.4
7141,998.4
7142,998.4
7143,998.5
7144,998.5
7145,998.5
7146,998.5
7147,998.5
7148,998.5
7149,998.5
7150,998.5
7151,998.5
7152,998.5
7153,998.5
7154,998.5
7155,998.5
7156,998.5
7157,998.5
7158,998.5
7159,998.5
7160,998.5
7161,998.5
7162,998.5
7163,998.5
7164,998.5
7165,998.5
7166,998.5
7167,998.5
7168,998.5
7169,998.5
7170,998.5
7171,998.5
7172,998.5
7173,998.5
7174,998.5
7175,998.5
7176,998.5
7177,998.5
7178,998.5
7179,998.5
7180,998.5
7181,998.5
7182,998.5
7183,998.5
7184,998.5
7185,998.5
7186,998.5
7187,998.5
7188,998.5
7189,998.5
7190,998.6
7191,998.6
7192,998.6
7193,998.6
7194,998.6
7195,998.6
7196,998.6
7197,998.6
7198,998.6
7199,998.6
7200,998.6
7201,998.6
7202,998.6
7203,998.6
7204,998.6
7205,998.6
7206,998.6
7207,998.6
7208,998.6
7209,998.6
7210,998.6
7211,998.6
7212,998.6
7213,998.6
7214,998.6
7215,998.6
7216,998.6
7217,998.6
7218,998.6
7219,998.6
7220,998.6
7221,998.6
7222,998.6
7223,998.6
7224,998.6
7225,998.6
7226,998.6
7227,998.6
7228,998.6
7229,998.6
7230,998.6
7231,998.6
7232,998.6
7233,998.6
7234,998.6
7235,998.6
7236,998.6
7237,998.6
7238,998.6
7239,998.6
7240,998.6
7241,998.6
7242,998.6
7243,998.6
7244,998.6
7245,998.6
7246,998.6
7247,998.6
7248,998.6
7249,998.6
7250,998.6
7251,998.6
7252,998.6
7253,998.6
7254,998.6
7255,998.6
7256,998.6
7257,998.6
7258,998.6
7259,998.6
7260,998.6
7261,998.6
7262,998.6
7263,998.6
7264,998.6
7265,998.6
7266,998.6
7267,998.6
7268,998.6
7269,998.6
7270,998.6
7271,998.6
7272,998.6
7273,998.6
7274,998.6
7275,998.6
7276,998.6
7277,998.6
7278,998.6
7279,998.6
7280,998.7
7281,998.7
7282,998.7
7283,998.7
7284,998.7
7285,998.7
7286,998.7
7287,998.7
7288,998.7
7289,998.7
7290,998.7
7291,998.7
7292,998.7
7293,998.7
7294,998.7
7295,998.7
7296,998.7
7297,998.7
7298,998.7
7299,998.7
7300,998.7
7301,998.7
7302,998.7
7303,998.7
7304,998.7
7305,998.7
7306,998.7
7307,998.7
7308,998.7
7309,998.7
7310,998.7
7311,998.7
7312,998.7
7313,998.7
7314,998.7
7315,998.7
7316,998.7
7317,998.7
7318,998.7
7319,998.7
7320,998.7
7321,998.7
7322,998.7
7323,998.7
7324,998.7
7325,998.7
7326,998.7
7327,998.7
7328,998.7
7329,998.7
7330,998.7
7331,998.7
7332,998.7
7333,998.7
7334,998.7
7335,998.7
7336,998.7
7337,998.7
7338,998.7
7339,998.7
7340,998.7
7341,998.7
7342,998.7
7343,998.7
7344,998.7
7345,998.7
7346,998.7
7347,998.7
7348,998.7
7349,998.7
7350,998.7
7351,998.7
7352,998.7
7353,998.7
7354,998.7
7355,998.7
7356,998.7
7357,998.7
7358,998.8
7359,998.8
7360,998.8
7361,998.8
7362,998.8
7363,998.8
7364,998.8
7365,998.8
7366,998.9
7367,998.9
7368,998.9
7369,998.9
7370,998.9
7371,998.9
7372,998.9
7373,998.9
7374,998.9
7375,998.9
7376,998.9
7377,998.9
7378,998.9
7379,998.9
7380,998.9
7381,998.9
7382,998.9
7383,998.9
7384,998.9
7385,998.9
7386,998.9
7387,998.9
7388,998.9
7389,998.9
7390,998.9
7391,998.9
7392,998.9
7393,998.9
7394,998.9
7395,998.9
7396,998.9
7397,998.9
7398,998.9
7399,998.9
7400,998.9
7401,998.9
7402,998.9
7403,998.9
7404,998.9
7405,998.9
7406,998.9
7407,998.9
7408,998.9
7409,998.9
7410,998.9
7411,998.9
7412,998.9
7413,998.9
7414,998.9
7415,998.9
7416,998.9
7417,998.9
7418,998.9
7419,998.9
7420,998.9
7421,998.9
7422,998.9
7423,998.9
7424,998.9
7425,998.9
7426,998.9
7427,998.9
7428,998.9
7429,998.9
7430,998.9
7431,998.9
7432,998.9
7433,998.9
7434,998.9
7435,998.9
7436,998.9
7437,998.9
7438,998.9
7439,998.9
7440,998.9
7441,998.9
7442,998.9
7443,998.9
7444,998.9
7445,998.9
7446,998.9
7447,998.9
7448,998.9
7449,998.9
7450,998.9
7451,998.9
7452,998.9
7453,998.9
7454,998.9
7455,998.9
7456,998.9
7457,998.9
7458,998.9
7459,998.9
7460,998.9
7461,998.9
7462,998.9
7463,998.9
7464,998.9
7465,998.9
7466,998.9
7467,998.9
7468,998.9
7469,998.9
7470,998.9
7471,998.9
7472,998.9
7473,998.9
7474,998.9
7475,998.9
7476,998.9
7477,998.9
7478,998.9
7479,998.9
7480,998.9
7481,998.9
7482,998.9
7483,998.9
7484,998.9
7485,998.9
7486,998.9
7487,998.9
7488,998.9
7489,998.9
7490,998.9
7491,998.9
7492,998.9
7493,998.9
7494,998.9
7495,998.9
7496,998.9
7497,998.9
7498,998.9
7499,998.9
7500,998.9
7501,998.9
7502,998.9
7503,998.9
7504,998.9
7505,998.9
7506,998.9
7507,998.9
7508,998.9
7509,998.9
7510,998.9
7511,998.9
7512,998.9
7513,998.9
7514,998.9
7515,998.9
7516,998.9
7517,998.9
7518,998.9
7519,998.9
7520,998.9
7521,998.9
7522,998.9
7523,998.9
7524,998.9
7525,998.9
7526,998.9
7527,998.9
7528,998.9
7529,998.9
7530,998.9
7531,998.9
7532,998.9
7533,998.9
7534,999.0
7535,999.0
7536,999.0
7537,999.0
7538,999.0
7539,999.0
7540,999.0
7541,999.0
7542,999.0
7543,999.0
7544,999.0
7545,999.0
7546,999.0
7547,999.0
7548,999.0
7549,999.0
7550,999.0
7551,999.0
7552,999.0
7553,999.0
7554,999.0
7555,999.0
7556,999.0
7557,999.0
7558,999.0
7559,999.0
7560,999.0
7561,999.0
7562,999.0
7563,999.0
7564,999.0
7565,999.0
7566,999.0
7567,999.0
7568,999.0
7569,999.0
7570,999.0
7571,999.0
7572,999.0
7573,999.0
7574,999.0
7575,999.0
7576,999.0
7577,999.0
7578,999.0
7579,999.0
7580,999.0
7581,999.0
7582,999.0
7583,999.0
7584,999.0
7585,999.0
7586,999.0
7587,999.0
7588,999.0
7589,999.0
7590,999.0
7591,999.0
7592,999.0
7593,999.0
7594,999.0
7595,999.0
7596,999.0
7597,999.0
7598,999.0
7599,999.0
7600,999.0
7601,999.0
7602,999.0
7603,999.0
7604,999.0
7605,999.0
7606,999.0
7607,999.0
7608,999.0
7609,999.1
7610,999.1
7611,999.1
7612,999.1
7613,999.1
7614,999.1
7615,999.1
7616,999.1
7617,999.1
7618,999.1
7619,999.1
7620,999.1
7621,999.1
7622,999.1
7623,999.1
7624,999.1
7625,999.1
7626,999.1
7627,999.1
7628,999.1
7629,999.1
7630,999.1
7631,999.1
7632,999.1
7633,999.1
7634,999.1
7635,999.1
7636,999.1
7637,999.1
7638,999.1
7639,999.1
7640,999.1
7641,999.1
7642,999.1
7643,999.1
7644,999.1
7645,999.1
7646,999.1
7647,999.1
7648,999.1
7649,999.1
7650,999.1
7651,999.1
7652,999.1
7653,999.1
7654,999.1
7655,999.1
7656,999.1
7657,999.2
7658,999.2
7659,999.2
7660,999.2
7661,999.2
7662,999.2
7663,999.2
7664,999.2
7665,999.3
7666,999.3
7667,999.3
7668,999.3
7669,999.3
7670,999.3
7671,999.3
7672,999.3
7673,999.3
7674,999.3
7675,999.3
7676,999.3
7677,999.3
7678,999.3
7679,999.3
7680,999.3
7681,999.3
7682,999.3
7683,999.3
7684,999.3
7685,999.3
7686,999.3
7687,999.3
7688,999.3
7689,999.3
7690,999.3
7691,999.3
7692,999.3
7693,999.3
7694,999.3
7695,999.3
7696,999.3
7697,999.3
7698,999.3
7699,999.3
7700,999.3
7701,999.3
7702,999.3
7703,999.3
7704,999.3
7705,999.3
7706,999.3
7707,999.3
7708,999.3
7709,999.3
7710,999.3
7711,999.3
7712,999.3
7713,999.3
7714,999.3
7715,999.3
7716,999.3
7717,999.3
7718,999.3
7719,999.3
7720,999.3
7721,999.3
7722,999.3
7723,999.3
7724,999.3
7725,999.3
7726,999.3
7727,999.3
7728,999.3
7729,999.3
7730,999.3
7731,999.3
7732,999.3
7733,999.3
7734,999.3
7735,999.3
7736,999.3
7737,999.3
7738,999.3
7739,999.3
7740,999.3
7741,999.3
7742,999.3
7743,999.3
7744,999.3
7745,999.3
7746,999.3
7747,999.3
7748,999.3
7749,999.3
7750,999.3
7751,999.3
7752,999.3
7753,999.3
7754,999.3
7755,999.3
7756,999.3
7757,999.3
7758,999.3
7759,999.3
7760,999.3
7761,999.3
7762,999.3
7763,999.3
7764,999.3
7765,999.3
7766,999.3
7767,999.3
7768,999.3
7769,999.3
7770,999.3
7771,999.3
7772,999.3
7773,999.3
7774,999.3
7775,999.3
7776,999.3
7777,999.3
7778,999.3
7779,999.3
7780,999.3
7781,999.3
7782,999.3
7783,999.3
7784,999.3
7785,999.3
7786,999.3
7787,999.3
7788,999.3
7789,999.3
7790,999.3
7791,999.3
7792,999.3
7793,999.3
7794,999.3
7795,999.3
7796,999.3
7797,999.3
7798,999.3
7799,999.3
7800,999.3
7801,999.3
7802,999.3
7803,999.3
7804,999.3
7805,999.3
7806,999.3
7807,999.3
7808,999.3
7809,999.3
7810,999.3
7811,999.3
7812,999.3
7813,999.3
7814,999.3
7815,999.3
7816,999.3
7817,999.3
7818,999.3
7819,999.3
7820,999.3
7821,999.3
7822,999.3
7823,999.3
7824,999.3
7825,999.3
7826,999.3
7827,999.3
7828,999.3
7829,999.3
7830,999.3
7831,999.3
7832,999.3
7833,999.3
7834,999.3
7835,999.3
7836,999.3
7837,999.3
7838,999.3
7839,999.3
7840,999.3
7841,999.3
7842,999.3
7843,999.3
7844,999.3
7845,999.3
7846,999.3
7847,999.3
7848,999.3
7849,999.3
7850,999.3
7851,999.3
7852,999.3
7853,999.3
7854,999.3
7855,999.3
7856,999.3
7857,999.3
7858,999.3
7859,999.3
7860,999.3
7861,999.3
7862,999.3
7863,999.3
7864,999.3
7865,999.3
7866,999.3
7867,999.3
7868,999.3
7869,999.3
7870,999.3
7871,999.3
7872,999.3
7873,999.3
7874,999.3
7875,999.3
7876,999.3
7877,999.3
7878,999.3
7879,999.3
7880,999.3
7881,999.3
7882,999.3
7883,999.3
7884,999.3
7885,999.3
7886,999.3
7887,999.3
7888,999.3
7889,999.3
7890,999.3
7891,999.3
7892,999.3
7893,999.4
7894,999.4
7895,999.4
7896,999.4
7897,999.4
7898,999.4
7899,999.4
7900,999.4
7901,999.4
7902,999.4
7903,999.4
7904,999.4
7905,999.4
7906,999.4
7907,999.4
7908,999.4
7909,999.4
7910,999.4
7911,999.4
7912,999.4
7913,999.4
7914,999.4
7915,999.4
7916,999.4
7917,999.4
7918,999.4
7919,999.4
7920,999.4
7921,999.4
7922,999.4
7923,999.4
7924,999.4
7925,999.4
7926,999.4
7927,999.4
7928,999.4
7929,999.4
7930,999.4
7931,999.4
7932,999.4
7933,999.4
7934,999.4
7935,999.4
7936,999.4
7937,999.4
7938,999.4
7939,999.4
7940,999.4
7941,999.4
7942,999.4
7943,999.4
7944,999.4
7945,999.4
7946,999.4
7947,999.4
7948,999.4
7949,999.4
7950,999.4
7951,999.4
7952,999.4
7953,999.4
7954,999.4
7955,999.4
7956,999.4
7957,999.4
7958,999.4
7959,999.4
7960,999.4
7961,999.4
7962,999.4
7963,999.4
7964,999.4
7965,999.4
7966,999.4
7967,999.4
7968,999.4
7969,999.4
7970,999.4
7971,999.4
7972,999.4
7973,999.4
7974,999.4
7975,999.4
7976,999.4
7977,999.4
7978,999.4
7979,999.4
7980,999.4
7981,999.4
7982,999.4
7983,999.4
7984,999.4
7985,999.4
7986,999.4
7987,999.4
7988,999.4
7989,999.4
7990,999.4
7991,999.4
7992,999.4
7993,999.4
7994,999.4
7995,999.4
7996,999.4
7997,999.4
7998,999.4
7999,999.4
8000,999.4
8001,999.4
8002,999.4
8003,999.4
8004,999.4
8005,999.4
8006,999.4
8007,999.4
8008,999.4
8009,999.4
8010,999.4
8011,999.4
8012,999.4
8013,999.4
8014,999.4
8015,999.4
8016,999.4
8017,999.4
8018,999.4
8019,999.4
8020,999.4
8021,999.4
8022,999.4
8023,999.4
8024,999.4
8025,999.4
8026,999.4
8027,999.4
8028,999.4
8029,999.4
8030,999.4
8031,999.4
8032,999.4
8033,999.4
8034,999.4
8035,999.4
8036,999.4
8037,999.4
8038,999.4
8039,999.4
8040,999.4
8041,999.4
8042,999.4
8043,999.4
8044,999.4
8045,999.4
8046,999.4
8047,999.4
8048,999.4
8049,999.4
8050,999.4
8051,999.4
8052,999.4
8053,999.4
8054,999.4
8055,999.4
8056,999.4
8057,999.4
8058,999.4
8059,999.4
8060,999.4
8061,999.4
8062,999.4
8063,999.4
8064,999.4
8065,999.4
8066,999.4
8067,999.4
8068,999.4
8069,999.4
8070,999.4
8071,999.4
8072,999.4
8073,999.4
8074,999.4
8075,999.4
8076,999.4
8077,999.4
8078,999.4
8079,999.4
8080,999.4
8081,999.4
8082,999.4
8083,999.4
8084,999.4
8085,999.4
8086,999.4
8087,999.4
8088,999.4
8089,999.4
8090,999.4
8091,999.4
8092,999.4
8093,999.4
8094,999.4
8095,999.4
8096,999.4
8097,999.4
8098,999.4
8099,999.4
8100,999.4
8101,999.4
8102,999.4
8103,999.4
8104,999.4
8105,999.4
8106,999.4
8107,999.4
8108,999.4
8109,999.4
8110,999.4
8111,999.4
8112,999.4
8113,999.4
8114,999.4
8115,999.4
8116,999.4
8117,999.4
8118,999.4
8119,999.4
8120,999.4
8121,999.4
8122,999.4
8123,999.4
8124,999.4
8125,999.4
8126,999.4
8127,999.4
8128,999.4
8129,999.4
8130,999.4
8131,999.4
8132,999.4
8133,999.4
8134,999.4
8135,999.4
8136,999.4
8137,999.4
8138,999.4
8139,999.4
8140,999.4
8141,999.4
8142,999.4
8143,999.4
8144,999.4
8145,999.4
8146,999.4
8147,999.4
8148,999.4
8149,999.4
8150,999.4
8151,999.4
8152,999.4
8153,999.4
8154,999.4
8155,999.4
8156,999.4
8157,999.4
8158,999.4
8159,999.4
8160,999.4
8161,999.4
8162,999.4
8163,999.4
8164,999.4
8165,999.4
8166,999.4
8167,999.4
8168,999.4
8169,999.4
8170,999.4
8171,999.4
8172,999.4
8173,999.4
8174,999.4
8175,999.4
8176,999.4
8177,999.4
8178,999.4
8179,999.4
8180,999.4
8181,999.4
8182,999.4
8183,999.4
8184,999.4
8185,999.4
8186,999.4
8187,999.4
8188,999.4
8189,999.4
8190,999.4
8191,999.4
8192,999.4
8193,999.4
8194,999.4
8195,999.4
8196,999.4
8197,999.4
8198,999.4
8199,999.4
8200,999.4
8201,999.4
8202,999.4
8203,999.4
8204,999.4
8205,999.4
8206,999.4
8207,999.4
8208,999.4
8209,999.4
8210,999.4
8211,999.4
8212,999.4
8213,999.4
8214,999.4
8215,999.4
8216,999.4
8217,999.4
8218,999.4
8219,999.4
8220,999.4
8221,999.5
8222,999.5
8223,999.5
8224,999.5
8225,999.5
8226,999.5
8227,999.5
8228,999.5
8229,999.5
8230,999.5
8231,999.5
8232,999.5
8233,999.5
8234,999.5
8235,999.5
8236,999.5
8237,999.5
8238,999.5
8239,999.6
8240,999.6
8241,999.6
8242,999.6
8243,999.6
8244,999.6
8245,999.6
8246,999.6
8247,999.6
8248,999.6
8249,999.6
8250,999.6
8251,999.6
8252,999.6
8253,999.6
8254,999.6
8255,999.6
8256,999.6
8257,999.6
8258,999.6
8259,999.6
8260,999.6
8261,999.6
8262,999.6
8263,999.6
8264,999.6
8265,999.6
8266,999.6
8267,999.6
8268,999.6
8269,999.6
8270,999.6
8271,999.6
8272,999.6
8273,999.6
8274,999.6
8275,999.6
8276,999.6
8277,999.6
8278,999.6
8279,999.6
8280,999.6
8281,999.6
8282,999.7
8283,999.7
8284,999.7
8285,999.7
8286,999.7
8287,999.7
8288,999.7
8289,999.7
8290,999.7
8291,999.7
8292,999.7
8293,999.7
8294,999.7
8295,999.7
8296,999.7
8297,999.7
8298,999.7
8299,999.7
8300,999.7
8301,999.7
8302,999.9
8303,999.9
8304,999.9
8305,999.9
8306,999.9
8307,999.9
8308,999.9
8309,999.9
8310,999.9
8311,999.9
8312,999.9
8313,999.9
8314,999.9
8315,999.9
8316,999.9
8317,999.9
8318,999.9
8319,999.9
8320,999.9
8321,999.9
8322,999.9
8323,999.9
8324,999.9
8325,999.9
8326,999.9
8327,999.9
8328,999.9
8329,999.9
8330,999.9
8331,999.9
8332,999.9
8333,999.9
8334,999.9
8335,999.9
8336,999.9
8337,999.9
8338,999.9
8339,999.9
8340,999.9
8341,999.9
8342,999.9
8343,999.9
8344,999.9
8345,999.9
8346,999.9
8347,999.9
8348,999.9
8349,999.9
8350,999.9
8351,999.9
8352,999.9
8353,999.9
8354,999.9
8355,999.9
8356,999.9
8357,999.9
8358,999.9
8359,999.9
8360,999.9
8361,999.9
8362,999.9
8363,999.9
8364,999.9
8365,999.9
8366,999.9
8367,999.9
8368,999.9
8369,999.9
8370,999.9
8371,999.9
8372,999.9
8373,999.9
8374,999.9
8375,999.9
8376,999.9
8377,999.9
8378,999.9
8379,999.9
8380,999.9
8381,999.9
8382,999.9
8383,999.9
8384,999.9
8385,999.9
8386,999.9
8387,999.9
8388,999.9
8389,999.9
8390,999.9
8391,999.9
8392,999.9
8393,999.9
8394,999.9
8395,999.9
8396,999.9
8397,999.9
8398,999.9
8399,999.9
8400,999.9
8401,999.9
8402,999.9
8403,999.9
8404,999.9
8405,999.9
8406,999.9
8407,999.9
8408,999.9
8409,999.9
8410,999.9
8411,999.9
8412,999.9
8413,999.9
8414,999.9
8415,999.9
8416,999.9
8417,999.9
8418,999.9
8419,999.9
8420,999.9
8421,999.9
8422,999.9
8423,999.9
8424,999.9
8425,999.9
8426,999.9
8427,999.9
8428,999.9
8429,999.9
8430,999.9
8431,999.9
8432,999.9
8433,999.9
8434,999.9
8435,999.9
8436,999.9
8437,999.9
8438,999.9
8439,999.9
8440,999.9
8441,999.9
8442,999.9
8443,999.9
8444,999.9
8445,999.9
8446,999.9
8447,999.9
8448,999.9
8449,999.9
8450,999.9
8451,999.9
8452,999.9
8453,999.9
8454,999.9
8455,999.9
8456,999.9
8457,999.9
8458,999.9
8459,999.9
8460,999.9
8461,999.9
8462,999.9
8463,999.9
8464,999.9
8465,999.9
8466,999.9
8467,999.9
8468,999.9
8469,999.9
8470,999.9
8471,999.9
8472,999.9
8473,999.9
8474,999.9
8475,999.9
8476,999.9
8477,999.9
8478,999.9
8479,999.9
8480,999.9
8481,999.9
8482,999.9
8483,999.9
8484,999.9
8485,999.9
8486,999.9
8487,999.9
8488,999.9
8489,999.9
8490,999.9
8491,999.9
8492,999.9
8493,999.9
8494,999.9
8495,999.9
8496,999.9
8497,999.9
8498,999.9
8499,999.9
8500,999.9
8501,999.9
8502,999.9
8503,999.9
8504,999.9
8505,999.9
8506,999.9
8507,999.9
8508,999.9
8509,999.9
8510,999.9
8511,999.9
8512,999.9
8513,999.9
8514,1000.0
